Workbook

Sheet Cadastro de Cliente
A1: FORMULÁRIO DE CADASTRO DE DADOS
A2: Informações da obra | W2: Controle
A3: Cliente | D3: VMIX CONCRETO LTDA
A4: Obra | D4: VMIX CONCRETO
A5: Local | D5: RONDONÓPOLIS-MT
A6: ESTUDO DE DOSAGEM CARTAS BASE SEM PRÉ REQUISITOS ADICIONAIS USO EM EQUIPAMENTOS DE EXTRUSÃO.

Sheet Cadastro de Insumos
A2: Definições dos materiais
R3: =IF(COUNTIF(R4:R89,"ERRO")=0,IF(S3>=2,0,""),COUNTIF(R4:R89,"ERRO")) -> 0 | S3: =COUNTIF(R4:R89,"OK") -> 4 | T3: =IF(OR(R4=0,R18=0,R32=0)=TRUE,"ERRO","OK") -> OK | U3: =IF(R3<>0,"ERRO",IF(S3<3,"ERRO",IF(T3="ERRO","ERRO","OK"))) -> OK
A4: Caracteristicas dos Cimentos | P4: Percentual | R4: =COUNTIF(R6:R16,"OK") -> 1
A5: Cimento Portland
A6: Tipo | E6: CP II F 40 | O6: TRUE | P6: 1 | R6: =IF(AND(O6=FALSE,E6="",E7="",E8="")=TRUE,"",IF(AND(O6=TRUE,E6<>"",E7<>"",E8<>"")=TRUE,"OK","ERRO")) -> OK
A7: Fabricante | E7: Votorantim
A8: Origem | E8: Cuiabá-MT
A9: Material Cimentício Suplementar 01
A10: Tipo | O10: FALSE | R10: =IF(AND(O10=FALSE,E10="",E11="",E12="")=TRUE,"",IF(AND(O10=TRUE,E10<>"",E11<>"",E12<>"")=TRUE,"OK","ERRO"))
A11: Fabricante
A12: Origem
A13: Material Cimentício Suplementar 02
A14: Tipo | O14: FALSE | R14: =IF(AND(O14=FALSE,E14="",E15="",E16="")=TRUE,"",IF(AND(O14=TRUE,E14<>"",E15<>"",E16<>"")=TRUE,"OK","ERRO"))
A15: Fabricante
A16: Origem
A18: Caracteristicas dos Agregados Miúdos | R18: =COUNTIF(R20:R30,"OK") -> 1
A19: Agregado01
A20: Tipo | E20: Areia Natural do Rio Cuiabá | O20: TRUE | P20: 0.7 | R20: =IF(AND(O20=FALSE,E20="",E21="",E22="")=TRUE,"",IF(AND(O20=TRUE,E20<>"",E21<>"",E22<>"")=TRUE,"OK","ERRO")) -> OK
A21: Fornecedor | E21: -
A22: Origem | E22: Cuiabá - MT
A23: Agregado 02
A24: Tipo | O24: FALSE | R24: =IF(AND(O24=FALSE,E24="",E25="",E26="")=TRUE,"",IF(AND(O24=TRUE,E24<>"",E25<>"",E26<>"")=TRUE,"OK","ERRO"))
A25: Fornecedor
A26: Origem
A27: Agregado 03
A28: Tipo | O28: FALSE | R28: =IF(AND(O28=FALSE,E28="",E29="",E30="")=TRUE,"",IF(AND(O28=TRUE,E28<>"",E29<>"",E30<>"")=TRUE,"OK","ERRO"))
A29: Fornecedor
A30: Origem
A32: Caracteristicas dos Agregados Graúdos | R32: =COUNTIF(R34:R44,"OK") -> 2
A33: Agregado 01
A34: Tipo | E34: Brita 1 | O34: TRUE | P34: 0.6 | R34: =IF(AND(O34=FALSE,E34="",E35="",E36="")=TRUE,"",IF(AND(O34=TRUE,E34<>"",E35<>"",E36<>"")=TRUE,"OK","ERRO")) -> OK
A35: Fornecedor | E35: Serra de São Vicente
A36: Origem | E36: Cuiabá-MT
A37: Agregado 02
A38: Tipo | E38: Brita 0 | O38: TRUE | P38: 0.4 | R38: =IF(AND(O38=FALSE,E38="",E39="",E40="")=TRUE,"",IF(AND(O38=TRUE,E38<>"",E39<>"",E40<>"")=TRUE,"OK","ERRO")) -> OK
A39: Fornecedor | E39: Serra de São Vicente
A40: Origem | E40: Cuiabá-MT
A41: Agregado 03
A42: Tipo | R42: =IF(AND(O42=FALSE,E42="",E43="",E44="")=TRUE,"",IF(AND(O42=TRUE,E42<>"",E43<>"",E44<>"")=TRUE,"OK","ERRO"))
A43: Fornecedor
A44: Origem
A45: Agregado 04
A46: Tipo | O46: FALSE | R46: =IF(AND(O46=FALSE,E46="",E47="",E48="")=TRUE,"",IF(AND(O46=TRUE,E46<>"",E47<>"",E48<>"")=TRUE,"OK","ERRO"))
A47: Fornecedor
A48: Origem
A50: Caracteristicas dos Aditivos | P50: Dosagem em Massa ?
A51: ="Aditivo 01"&IF(P52=FALSE," - em Volume"," - em Massa") -> Aditivo 01 - em Volume
A52: Identificação | O52: FALSE | P52: FALSE | R52: =IF(AND(O52=FALSE,E52="",E53="",E54="",L54="")=TRUE,"",IF(AND(O52=TRUE,E52<>"",E53<>"",E54<>"",L54<>"")=TRUE,"OK","ERRO"))
A53: Fabricante
A54: Teor % - Sobre Cimento Portland | H54: Densidade
A55: ="Aditivo 02"&IF(P56=FALSE," - em Volume"," - em Massa") -> Aditivo 02 - em Volume
A56: Identificação | O56: FALSE | P56: FALSE | R56: =IF(AND(O56=FALSE,E56="",E57="",E58="",L58="")=TRUE,"",IF(AND(O56=TRUE,E56<>"",E57<>"",E58<>"",L58<>"")=TRUE,"OK","ERRO"))
A57: Fabricante
A58: Teor % - Sobre Cimento Portland | H58: Densidade
A59: ="Aditivo 03"&IF(P60=FALSE," - em Volume"," - em Massa") -> Aditivo 03 - em Volume
A60: Identificação | O60: FALSE | P60: FALSE | R60: =IF(AND(O60=FALSE,E60="",E61="",E62="",L62="")=TRUE,"",IF(AND(O60=TRUE,E60<>"",E61<>"",E62<>"",L62<>"")=TRUE,"OK","ERRO"))
A61: Fabricante
A62: Teor % - Sobre Cimento Portland | H62: Densidade
A63: ="Aditivo 04"&IF(P64=FALSE," - em Volume"," - em Massa") -> Aditivo 04 - em Volume
A64: Identificação | O64: FALSE | P64: FALSE | R64: =IF(AND(O64=FALSE,E64="",E65="",E66="",L66="")=TRUE,"",IF(AND(O64=TRUE,E64<>"",E65<>"",E66<>"",L66<>"")=TRUE,"OK","ERRO"))
A65: Fabricante
A66: Teor % - Sobre Cimento Portland | H66: Densidade
A68: Caracteristicas das Adições | P68: Dosagem em Massa ?
A69: Adição 01
A70: Identificação | O70: FALSE | P70: FALSE | R70: =IF(AND(O70=FALSE,E70="",E71="",E72="",L72="")=TRUE,"",IF(AND(O70=TRUE,E70<>"",E71<>"",E72<>"",L72<>"")=TRUE,"OK","ERRO"))
A71: Fabricante
A72: Teor % - Sobre Cimento Portland | H72: Densidade
A73: Adição 02
A74: Identificação | O74: FALSE | P74: FALSE | R74: =IF(AND(O74=FALSE,E74="",E75="",E76="",L76="")=TRUE,"",IF(AND(O74=TRUE,E74<>"",E75<>"",E76<>"",L76<>"")=TRUE,"OK","ERRO"))
A75: Fabricante
A76: Teor % - Sobre Cimento Portland | H76: Densidade
A77: Adição 03
A78: Identificação | O78: FALSE | P78: FALSE | R78: =IF(AND(O78=FALSE,E78="",E79="",E80="",L80="")=TRUE,"",IF(AND(O78=TRUE,E78<>"",E79<>"",E80<>"",L80<>"")=TRUE,"OK","ERRO"))
A79: Fabricante
A80: Teor % - Sobre Cimento Portland | H80: Densidade
A81: Adição 04
A82: Identificação | O82: FALSE | P82: FALSE | R82: =IF(AND(O82=FALSE,E82="",E83="",E84="",L84="")=TRUE,"",IF(AND(O82=TRUE,E82<>"",E83<>"",E84<>"",L84<>"")=TRUE,"OK","ERRO"))
A83: Fabricante
A84: Teor % - Sobre Cimento Portland | H84: Densidade

Sheet Escopo de Estudo
A2: Critérios do Estudos de Dosagem
A3: Slump: | D3: 120 | F3: FALSE | I3: TRUE | L3: FALSE | O3: =IF(D3<>"",1,0) -> 1 | P3: =IF(F3=TRUE,1,0) -> 0 | Q3: =IF(I3=TRUE,1,0) -> 1 | R3: =IF(L3=TRUE,1,0) -> 0 | S3: =SUM(P3:R3) -> 1 | T3: =IF(AND(S3=1,O3=1,AG8="OK")=TRUE,"OK","ERRO") -> OK
A7: Valor de "m" | D7: Traço A | H7: Traço B | L7: Traço C | P7: Traço D | T7: Traço E | X7: Traço F | AB7: Traço G
D8: 3 | G8: =IF(AND(D8<>"",D10=TRUE)=TRUE,1,0) -> 1 | H8: 4 | K8: =IF(AND(H8<>"",H10=TRUE)=TRUE,1,0) -> 1 | L8: 5 | O8: =IF(AND(L8<>"",L10=TRUE)=TRUE,1,0) -> 1 | P8: 6 | S8: =IF(AND(P8<>"",P10=TRUE)=TRUE,1,0) -> 1 | T8: 7 | W8: =IF(AND(T8<>"",T10=TRUE)=TRUE,1,0) -> 1 | X8: 8 | AA8: =IF(AND(X8<>"",X10=TRUE)=TRUE,1,0) -> 1 | AB8: 9 | AE8: =IF(AND(AB8<>"",AB10=TRUE)=TRUE,1,0) -> 1 | AF8: =AE8+AA8+W8+S8+O8+K8+G8 -> 7 | AG8: =IF(OR(T15="ERRO",T19="ERRO",T23="ERRO",T27="ERRO")*TRUE,"ERRO",IF(AF8<3,"ERRO",IF(OR((AF8-AF9)<>1,AF10<>G9)=TRUE,"ERRO","OK"))) -> OK
G9: =IF(OR(D10=FALSE,H10=FALSE)=TRUE,"",IF(OR(D8="",H8="")=TRUE,"",IF((H8-D8)<0,0,H8-D8))) -> 1 | K9: =IF(OR(H10=FALSE,L10=FALSE)=TRUE,"",IF(OR(H8="",L8="")=TRUE,"",IF((L8-H8)<0,0,L8-H8))) -> 1 | O9: =IF(OR(L10=FALSE,P10=FALSE)=TRUE,"",IF(OR(L8="",P8="")=TRUE,"",IF((P8-L8)<0,0,P8-L8))) -> 1 | S9: =IF(OR(P10=FALSE,T10=FALSE)=TRUE,"",IF(OR(P8="",T8="")=TRUE,"",IF((T8-P8)<0,0,T8-P8))) -> 1 | W9: =IF(OR(T10=FALSE,X10=FALSE)=TRUE,"",IF(OR(T8="",X8="")=TRUE,"",IF((X8-T8)<0,0,X8-T8))) -> 1 | AA9: =IF(OR(X10=FALSE,AB10=FALSE)=TRUE,"",IF(OR(X8="",AB8="")=TRUE,"",IF((AB8-X8)<0,0,AB8-X8))) -> 1 | AF9: =COUNT(AE9,AA9,W9,S9,O9,K9,G9) -> 6
D10: TRUE | H10: TRUE | L10: TRUE | P10: TRUE | T10: TRUE | X10: TRUE | AB10: TRUE | AF10: =AVERAGE(AE9,AA9,W9,S9,O9,K9,G9) -> 1
A14: Classe de Agressividade | D14: FALSE | G14: FALSE | J14: FALSE | M14: FALSE | P14: TRUE | T14: =COUNTIF(D14:R16,TRUE) -> 1
T15: =IF(T14<>1,"ERRO","OK") -> OK
A18: Local de Aplicação | D18: FALSE | H18: FALSE | L18: TRUE | T18: =COUNTIF(D18:N20,TRUE) -> 1
T19: =IF(T18<>1,"ERRO","OK") -> OK
A22: Tipo de Aplicação | D22: FALSE | H22: TRUE | L22: FALSE | P22: FALSE | T22: =COUNTIF(D22:R24,TRUE) -> 1
T23: =IF(T22<>1,"ERRO","OK") -> OK
A26: Idades | D26: TRUE | H26: FALSE | L26: FALSE | P26: FALSE | T26: =COUNTIF(D26:Q28,TRUE) -> 1
T27: =IF(T26<>1,"ERRO","OK") -> OK
A30: Inicial de Agregados Graúdos (kg) | D30: 20 | G30: Argamassa Inicial (%) | J30: 0.51
A36: Idade Avaliada | D36: 28 | G36: Tipo de CP Avaliado | J36: 10x20 Axial

Sheet Dados - Fase Plástica
A1: Dados da Fase Plástica | J1: =IF(SUM(J4:J24)>0,"ERRO","OK") -> OK | M1: ='Escopo de Estudo'!AG8 -> OK | N1: ='Cadastro de Insumos'!U3 -> OK | P1: =IF(OR(M1="ERRO",N1="ERRO")=TRUE,"ERRO","OK") -> OK
A4: =IF('Escopo de Estudo'!AG8="OK",IF('Escopo de Estudo'!D10=TRUE,"Traço A: m = "&'Escopo de Estudo'!D8,"ERRO")) -> Traço A: m = 3 | I4: =IF(A4="ERRO",1,0) -> 0 | K4: britas | L4: cimento dosagem | M4: a/MC | N4: ME | O4: C Cimentos | P4: C Cim Portland
A5: α (%) | B5: 0.51 | C5: Água (kg) | D5: 3.48 | E5: Slump (mm) | F5: 200 | G5: Peso (kg) | H5: 19.58 | J5: =IF(I4=1,0,IF(OR(B5="",D5="",F5="",H5="")=TRUE,1,0)) -> 0 | K5: ='Escopo de Estudo'!$D$8-(B5*(1+'Escopo de Estudo'!$D$8)-1) -> 1.96 | L5: ='Escopo de Estudo'!$D$30/K5 -> 10.204082 | M5: =D5/L5 -> 0.34104 | N5: =(H5-$G$27)/$C$27 -> 2460.3774 | O5: =N5/(1+'Escopo de Estudo'!D8+M5) -> 566.77141 | P5: =O5*'Cadastro de Insumos'!$P$6 -> 566.77141
A7: =IF('Escopo de Estudo'!AG8="OK",IF('Escopo de Estudo'!H10=TRUE,"Traço B: m = "&'Escopo de Estudo'!H8,"ERRO")) -> Traço B: m = 4 | I7: =IF(A7="ERRO",1,0) -> 0
A8: α (%) | B8: 0.51 | C8: Água (kg) | D8: 3.5 | E8: Slump (mm) | F8: 200 | G8: Peso (kg) | H8: 19.58 | J8: =IF(I7=1,0,IF(OR(B8="",D8="",F8="",H8="")=TRUE,1,0)) -> 0 | K8: ='Escopo de Estudo'!H8-(B8*(1+'Escopo de Estudo'!H8)-1) -> 2.45 | L8: ='Escopo de Estudo'!$D$30/K8 -> 8.1632653 | M8: =D8/L8 -> 0.42875 | N8: =(H8-$G$27)/$C$27 -> 2460.3774 | O8: =N8/(1+'Escopo de Estudo'!H8+M8) -> 453.2125 | P8: =O8*'Cadastro de Insumos'!$P$6 -> 453.2125
A10: =IF('Escopo de Estudo'!AG8="OK",IF('Escopo de Estudo'!L10=TRUE,"Traço A: m = "&'Escopo de Estudo'!L8,"ERRO")) -> Traço A: m = 5 | I10: =IF(A10="ERRO",1,0) -> 0
A11: α (%) | B11: 0.51 | C11: Água (kg) | D11: 3.44 | E11: Slump (mm) | F11: 200 | G11: Peso (kg) | H11: 19.58 | J11: =IF(I10=1,0,IF(OR(B11="",D11="",F11="",H11="")=TRUE,1,0)) -> 0 | K11: ='Escopo de Estudo'!L8-(B11*(1+'Escopo de Estudo'!L8)-1) -> 2.94 | L11: ='Escopo de Estudo'!$D$30/K11 -> 6.8027211 | M11: =D11/L11 -> 0.50568 | N11: =(H11-$G$27)/$C$27 -> 2460.3774 | O11: =N11/(1+'Escopo de Estudo'!L8+M11) -> 378.18911 | P11: =O11*'Cadastro de Insumos'!$P$6 -> 378.18911
A13: =IF('Escopo de Estudo'!AG8="OK",IF('Escopo de Estudo'!P10=TRUE,"Traço A: m = "&'Escopo de Estudo'!P8,"ERRO")) -> Traço A: m = 6 | I13: =IF(A13="ERRO",1,0) -> 0
A14: α (%) | B14: 0.51 | C14: Água (kg) | D14: 3.5 | E14: Slump (mm) | F14: 200 | G14: Peso (kg) | H14: 19.58 | J14: =IF(I13=1,0,IF(OR(B14="",D14="",F14="",H14="")=TRUE,1,0)) -> 0 | K14: ='Escopo de Estudo'!P8-(B14*(1+'Escopo de Estudo'!P8)-1) -> 3.43 | L14: ='Escopo de Estudo'!$D$30/K14 -> 5.8309038 | M14: =D14/L14 -> 0.60025 | N14: =(H14-$G$27)/$C$27 -> 2460.3774 | O14: =N14/(1+'Escopo de Estudo'!P8+M14) -> 323.72321 | P14: =O14*'Cadastro de Insumos'!$P$6 -> 323.72321
A16: =IF('Escopo de Estudo'!AG8="OK",IF('Escopo de Estudo'!T10=TRUE,"Traço A: m = "&'Escopo de Estudo'!T8,"ERRO")) -> Traço A: m = 7 | I16: =IF(A16="ERRO",1,0) -> 0
A17: α (%) | B17: 0.51 | C17: Água (kg) | D17: 3.49 | E17: Slump (mm) | F17: 200 | G17: Peso (kg) | H17: 19.58 | J17: =IF(I16=1,0,IF(OR(B17="",D17="",F17="",H17="")=TRUE,1,0)) -> 0 | K17: ='Escopo de Estudo'!T8-(B17*(1+'Escopo de Estudo'!T8)-1) -> 3.92 | L17: ='Escopo de Estudo'!$D$30/K17 -> 5.1020408 | M17: =D17/L17 -> 0.68404 | N17: =(H17-$G$27)/$C$27 -> 2460.3774 | O17: =N17/(1+'Escopo de Estudo'!T8+M17) -> 283.32174 | P17: =O17*'Cadastro de Insumos'!$P$6 -> 283.32174
A19: =IF('Escopo de Estudo'!AG8="OK",IF('Escopo de Estudo'!X10=TRUE,"Traço A: m = "&'Escopo de Estudo'!X8,"ERRO")) -> Traço A: m = 8 | I19: =IF(A19="ERRO",1,0) -> 0
A20: α (%) | B20: 0.51 | C20: Água (kg) | D20: 3.5 | E20: Slump (mm) | F20: 200 | G20: Peso (kg) | H20: 19.58 | J20: =IF(I19=1,0,IF(OR(B20="",D20="",F20="",H20="")=TRUE,1,0)) -> 0 | K20: ='Escopo de Estudo'!X8-(B20*(1+'Escopo de Estudo'!X8)-1) -> 4.41 | L20: ='Escopo de Estudo'!$D$30/K20 -> 4.5351474 | M20: =D20/L20 -> 0.77175 | N20: =(H20-$G$27)/$C$27 -> 2460.3774 | O20: =N20/(1+'Escopo de Estudo'!X8+M20) -> 251.78472 | P20: =O20*'Cadastro de Insumos'!$P$6 -> 251.78472
A22: =IF('Escopo de Estudo'!AG8="OK",IF('Escopo de Estudo'!AB10=TRUE,"Traço A: m = "&'Escopo de Estudo'!AB8,"ERRO")) -> Traço A: m = 9 | I22: =IF(A22="ERRO",1,0) -> 0
A23: α (%) | B23: 0.51 | C23: Água (kg) | D23: 3.58 | E23: Slump (mm) | F23: 100 | G23: Peso (kg) | H23: 19.58 | J23: =IF(I22=1,0,IF(OR(B23="",D23="",F23="",H23="")=TRUE,1,0)) -> 0 | K23: ='Escopo de Estudo'!AB8-(B23*(1+'Escopo de Estudo'!AB8)-1) -> 4.9 | L23: ='Escopo de Estudo'!$D$30/K23 -> 4.0816327 | M23: =D23/L23 -> 0.8771 | N23: =(H23-$G$27)/$C$27 -> 2460.3774 | O23: =N23/(1+'Escopo de Estudo'!AB8+M23) -> 226.19792 | P23: =O23*'Cadastro de Insumos'!$P$6 -> 226.19792
A26: EQUIPAMENTOS PARA MASSA ESPECÍFICA
A27: Volume (m³) | C27: 0.0053 | E27: Tara (kg) | G27: 6.54

Sheet Dados - Resistências
A1: RESISTÊNCIAS | L1: {=_xlfn.UNIQUE(CPs[m])} -> 3
L2: 4 | T2: Tipo CP | U2: Ponderador | W2: Tipos de Ruptura
L3: 5 | T3: 10x20 Axial | U3: 1.2487 | W3: A
L4: 6 | T4: 10x20 Diametral | U4: 0.3183 | W4: B
A5: CP | B5: Tipo de CP | C5: m | D5: Data de Moldagem | E5: Idade | F5: Data de Ruptura | G5: Carga (tonelada) | H5: Tipo de Ruptura | I5: Fcj (MPa) | J5: Índice de Eficiência | L5: 7 | T5: 10x10x40 Flexão | U5: 0.0981 | W5: C
A6: 44580 | B6: 10x20 Axial | C6: 3 | D6: 45663 | E6: 7 | F6: =CPs[[#This Row],[Data de Moldagem]]+CPs[[#This Row],[Idade]] -> 45670 | G6: 47 | H6: B | I6: =IF(OR(CPs[[#This Row],[Tipo de CP]]="",CPs[[#This Row],[Carga (tonelada)]]="")=TRUE,"",CPs[[#This Row],[Carga (tonelada)]]*VLOOKUP(CPs[[#This Row],[Tipo de CP]],$T$3:$U$5,2,FALSE)) -> 58.6889 | J6: =IF(OR(CPs[[#This Row],[Idade]]<>'Escopo de Estudo'!$D$36,CPs[[#This Row],[Tipo de CP]]<>'Escopo de Estudo'!$J$36)=TRUE,"",IF(OR(CPs[[#This Row],[Fcj (MPa)]]="",CPs[[#This Row],[m]]="")=TRUE,"",VLOOKUP(CPs[[#This Row],[m]],'Compilado de Dados'!$B$7:$D$13,3,FALSE)/CPs[[#This Row],[Fcj (MPa)]])) | L6: 8 | W6: D
A7: 44581 | B7: 10x20 Axial | C7: 3 | D7: 45663 | E7: 7 | F7: =CPs[[#This Row],[Data de Moldagem]]+CPs[[#This Row],[Idade]] -> 45670 | G7: 47 | H7: A | I7: =IF(OR(CPs[[#This Row],[Tipo de CP]]="",CPs[[#This Row],[Carga (tonelada)]]="")=TRUE,"",CPs[[#This Row],[Carga (tonelada)]]*VLOOKUP(CPs[[#This Row],[Tipo de CP]],$T$3:$U$5,2,FALSE)) -> 58.6889 | J7: =IF(OR(CPs[[#This Row],[Idade]]<>'Escopo de Estudo'!$D$36,CPs[[#This Row],[Tipo de CP]]<>'Escopo de Estudo'!$J$36)=TRUE,"",IF(OR(CPs[[#This Row],[Fcj (MPa)]]="",CPs[[#This Row],[m]]="")=TRUE,"",VLOOKUP(CPs[[#This Row],[m]],'Compilado de Dados'!$B$7:$D$13,3,FALSE)/CPs[[#This Row],[Fcj (MPa)]])) | L7: 9 | W7: E
A8: 44582 | B8: 10x20 Axial | C8: 3 | D8: 45663 | E8: 28 | F8: =CPs[[#This Row],[Data de Moldagem]]+CPs[[#This Row],[Idade]] -> 45691 | G8: 53 | H8: B | I8: =IF(OR(CPs[[#This Row],[Tipo de CP]]="",CPs[[#This Row],[Carga (tonelada)]]="")=TRUE,"",CPs[[#This Row],[Carga (tonelada)]]*VLOOKUP(CPs[[#This Row],[Tipo de CP]],$T$3:$U$5,2,FALSE)) -> 66.1811 | J8: =IF(OR(CPs[[#This Row],[Idade]]<>'Escopo de Estudo'!$D$36,CPs[[#This Row],[Tipo de CP]]<>'Escopo de Estudo'!$J$36)=TRUE,"",IF(OR(CPs[[#This Row],[Fcj (MPa)]]="",CPs[[#This Row],[m]]="")=TRUE,"",VLOOKUP(CPs[[#This Row],[m]],'Compilado de Dados'!$B$7:$D$13,3,FALSE)/CPs[[#This Row],[Fcj (MPa)]])) -> 8.5639466 | W8: F
A9: 44583 | B9: 10x20 Axial | C9: 3 | D9: 45663 | E9: 28 | F9: =CPs[[#This Row],[Data de Moldagem]]+CPs[[#This Row],[Idade]] -> 45691 | G9: 53 | H9: C | I9: =IF(OR(CPs[[#This Row],[Tipo de CP]]="",CPs[[#This Row],[Carga (tonelada)]]="")=TRUE,"",CPs[[#This Row],[Carga (tonelada)]]*VLOOKUP(CPs[[#This Row],[Tipo de CP]],$T$3:$U$5,2,FALSE)) -> 66.1811 | J9: =IF(OR(CPs[[#This Row],[Idade]]<>'Escopo de Estudo'!$D$36,CPs[[#This Row],[Tipo de CP]]<>'Escopo de Estudo'!$J$36)=TRUE,"",IF(OR(CPs[[#This Row],[Fcj (MPa)]]="",CPs[[#This Row],[m]]="")=TRUE,"",VLOOKUP(CPs[[#This Row],[m]],'Compilado de Dados'!$B$7:$D$13,3,FALSE)/CPs[[#This Row],[Fcj (MPa)]])) -> 8.5639466 | L9: =COUNT(_xlfn.ANCHORARRAY(L1)) -> 7 | M9: =COUNTIFS(CPs[Idade],'Escopo de Estudo'!D36,CPs[Tipo de CP],'Escopo de Estudo'!J36) -> 14 | W9: G
A10: 44584 | B10: 10x20 Axial | C10: 4 | D10: 45663 | E10: 7 | F10: =CPs[[#This Row],[Data de Moldagem]]+CPs[[#This Row],[Idade]] -> 45670 | G10: 34 | H10: B | I10: =IF(OR(CPs[[#This Row],[Tipo de CP]]="",CPs[[#This Row],[Carga (tonelada)]]="")=TRUE,"",CPs[[#This Row],[Carga (tonelada)]]*VLOOKUP(CPs[[#This Row],[Tipo de CP]],$T$3:$U$5,2,FALSE)) -> 42.4558 | J10: =IF(OR(CPs[[#This Row],[Idade]]<>'Escopo de Estudo'!$D$36,CPs[[#This Row],[Tipo de CP]]<>'Escopo de Estudo'!$J$36)=TRUE,"",IF(OR(CPs[[#This Row],[Fcj (MPa)]]="",CPs[[#This Row],[m]]="")=TRUE,"",VLOOKUP(CPs[[#This Row],[m]],'Compilado de Dados'!$B$7:$D$13,3,FALSE)/CPs[[#This Row],[Fcj (MPa)]])) | W10: MD
A11: 44585 | B11: 10x20 Axial | C11: 4 | D11: 45663 | E11: 7 | F11: =CPs[[#This Row],[Data de Moldagem]]+CPs[[#This Row],[Idade]] -> 45670 | G11: 34 | H11: A | I11: =IF(OR(CPs[[#This Row],[Tipo de CP]]="",CPs[[#This Row],[Carga (tonelada)]]="")=TRUE,"",CPs[[#This Row],[Carga (tonelada)]]*VLOOKUP(CPs[[#This Row],[Tipo de CP]],$T$3:$U$5,2,FALSE)) -> 42.4558 | J11: =IF(OR(CPs[[#This Row],[Idade]]<>'Escopo de Estudo'!$D$36,CPs[[#This Row],[Tipo de CP]]<>'Escopo de Estudo'!$J$36)=TRUE,"",IF(OR(CPs[[#This Row],[Fcj (MPa)]]="",CPs[[#This Row],[m]]="")=TRUE,"",VLOOKUP(CPs[[#This Row],[m]],'Compilado de Dados'!$B$7:$D$13,3,FALSE)/CPs[[#This Row],[Fcj (MPa)]])) | L11: =IF(OR(L9<>'Compilado de Dados'!$B$4,M9=0)=TRUE,"ERRO","OK") -> OK | W11: CENTRAL
A12: 44586 | B12: 10x20 Axial | C12: 4 | D12: 45663 | E12: 28 | F12: =CPs[[#This Row],[Data de Moldagem]]+CPs[[#This Row],[Idade]] -> 45691 | G12: 40 | H12: B | I12: =IF(OR(CPs[[#This Row],[Tipo de CP]]="",CPs[[#This Row],[Carga (tonelada)]]="")=TRUE,"",CPs[[#This Row],[Carga (tonelada)]]*VLOOKUP(CPs[[#This Row],[Tipo de CP]],$T$3:$U$5,2,FALSE)) -> 49.948 | J12: =IF(OR(CPs[[#This Row],[Idade]]<>'Escopo de Estudo'!$D$36,CPs[[#This Row],[Tipo de CP]]<>'Escopo de Estudo'!$J$36)=TRUE,"",IF(OR(CPs[[#This Row],[Fcj (MPa)]]="",CPs[[#This Row],[m]]="")=TRUE,"",VLOOKUP(CPs[[#This Row],[m]],'Compilado de Dados'!$B$7:$D$13,3,FALSE)/CPs[[#This Row],[Fcj (MPa)]])) -> 9.0736866
A13: 44587 | B13: 10x20 Axial | C13: 4 | D13: 45663 | E13: 28 | F13: =CPs[[#This Row],[Data de Moldagem]]+CPs[[#This Row],[Idade]] -> 45691 | G13: 40 | H13: C | I13: =IF(OR(CPs[[#This Row],[Tipo de CP]]="",CPs[[#This Row],[Carga (tonelada)]]="")=TRUE,"",CPs[[#This Row],[Carga (tonelada)]]*VLOOKUP(CPs[[#This Row],[Tipo de CP]],$T$3:$U$5,2,FALSE)) -> 49.948 | J13: =IF(OR(CPs[[#This Row],[Idade]]<>'Escopo de Estudo'!$D$36,CPs[[#This Row],[Tipo de CP]]<>'Escopo de Estudo'!$J$36)=TRUE,"",IF(OR(CPs[[#This Row],[Fcj (MPa)]]="",CPs[[#This Row],[m]]="")=TRUE,"",VLOOKUP(CPs[[#This Row],[m]],'Compilado de Dados'!$B$7:$D$13,3,FALSE)/CPs[[#This Row],[Fcj (MPa)]])) -> 9.0736866
A14: 44588 | B14: 10x20 Axial | C14: 5 | D14: 45663 | E14: 7 | F14: =CPs[[#This Row],[Data de Moldagem]]+CPs[[#This Row],[Idade]] -> 45670 | G14: 28 | H14: B | I14: =IF(OR(CPs[[#This Row],[Tipo de CP]]="",CPs[[#This Row],[Carga (tonelada)]]="")=TRUE,"",CPs[[#This Row],[Carga (tonelada)]]*VLOOKUP(CPs[[#This Row],[Tipo de CP]],$T$3:$U$5,2,FALSE)) -> 34.9636 | J14: =IF(OR(CPs[[#This Row],[Idade]]<>'Escopo de Estudo'!$D$36,CPs[[#This Row],[Tipo de CP]]<>'Escopo de Estudo'!$J$36)=TRUE,"",IF(OR(CPs[[#This Row],[Fcj (MPa)]]="",CPs[[#This Row],[m]]="")=TRUE,"",VLOOKUP(CPs[[#This Row],[m]],'Compilado de Dados'!$B$7:$D$13,3,FALSE)/CPs[[#This Row],[Fcj (MPa)]]))
A15: 44589 | B15: 10x20 Axial | C15: 5 | D15: 45663 | E15: 7 | F15: =CPs[[#This Row],[Data de Moldagem]]+CPs[[#This Row],[Idade]] -> 45670 | G15: 28 | H15: A | I15: =IF(OR(CPs[[#This Row],[Tipo de CP]]="",CPs[[#This Row],[Carga (tonelada)]]="")=TRUE,"",CPs[[#This Row],[Carga (tonelada)]]*VLOOKUP(CPs[[#This Row],[Tipo de CP]],$T$3:$U$5,2,FALSE)) -> 34.9636 | J15: =IF(OR(CPs[[#This Row],[Idade]]<>'Escopo de Estudo'!$D$36,CPs[[#This Row],[Tipo de CP]]<>'Escopo de Estudo'!$J$36)=TRUE,"",IF(OR(CPs[[#This Row],[Fcj (MPa)]]="",CPs[[#This Row],[m]]="")=TRUE,"",VLOOKUP(CPs[[#This Row],[m]],'Compilado de Dados'!$B$7:$D$13,3,FALSE)/CPs[[#This Row],[Fcj (MPa)]]))
A16: 44590 | B16: 10x20 Axial | C16: 5 | D16: 45663 | E16: 28 | F16: =CPs[[#This Row],[Data de Moldagem]]+CPs[[#This Row],[Idade]] -> 45691 | G16: 36 | H16: B | I16: =IF(OR(CPs[[#This Row],[Tipo de CP]]="",CPs[[#This Row],[Carga (tonelada)]]="")=TRUE,"",CPs[[#This Row],[Carga (tonelada)]]*VLOOKUP(CPs[[#This Row],[Tipo de CP]],$T$3:$U$5,2,FALSE)) -> 44.9532 | J16: =IF(OR(CPs[[#This Row],[Idade]]<>'Escopo de Estudo'!$D$36,CPs[[#This Row],[Tipo de CP]]<>'Escopo de Estudo'!$J$36)=TRUE,"",IF(OR(CPs[[#This Row],[Fcj (MPa)]]="",CPs[[#This Row],[m]]="")=TRUE,"",VLOOKUP(CPs[[#This Row],[m]],'Compilado de Dados'!$B$7:$D$13,3,FALSE)/CPs[[#This Row],[Fcj (MPa)]])) -> 8.412952
A17: 44591 | B17: 10x20 Axial | C17: 5 | D17: 45663 | E17: 28 | F17: =CPs[[#This Row],[Data de Moldagem]]+CPs[[#This Row],[Idade]] -> 45691 | G17: 36 | H17: C | I17: =IF(OR(CPs[[#This Row],[Tipo de CP]]="",CPs[[#This Row],[Carga (tonelada)]]="")=TRUE,"",CPs[[#This Row],[Carga (tonelada)]]*VLOOKUP(CPs[[#This Row],[Tipo de CP]],$T$3:$U$5,2,FALSE)) -> 44.9532 | J17: =IF(OR(CPs[[#This Row],[Idade]]<>'Escopo de Estudo'!$D$36,CPs[[#This Row],[Tipo de CP]]<>'Escopo de Estudo'!$J$36)=TRUE,"",IF(OR(CPs[[#This Row],[Fcj (MPa)]]="",CPs[[#This Row],[m]]="")=TRUE,"",VLOOKUP(CPs[[#This Row],[m]],'Compilado de Dados'!$B$7:$D$13,3,FALSE)/CPs[[#This Row],[Fcj (MPa)]])) -> 8.412952
A18: 44592 | B18: 10x20 Axial | C18: 6 | D18: 45663 | E18: 7 | F18: =CPs[[#This Row],[Data de Moldagem]]+CPs[[#This Row],[Idade]] -> 45670 | G18: 21 | H18: B | I18: =IF(OR(CPs[[#This Row],[Tipo de CP]]="",CPs[[#This Row],[Carga (tonelada)]]="")=TRUE,"",CPs[[#This Row],[Carga (tonelada)]]*VLOOKUP(CPs[[#This Row],[Tipo de CP]],$T$3:$U$5,2,FALSE)) -> 26.2227 | J18: =IF(OR(CPs[[#This Row],[Idade]]<>'Escopo de Estudo'!$D$36,CPs[[#This Row],[Tipo de CP]]<>'Escopo de Estudo'!$J$36)=TRUE,"",IF(OR(CPs[[#This Row],[Fcj (MPa)]]="",CPs[[#This Row],[m]]="")=TRUE,"",VLOOKUP(CPs[[#This Row],[m]],'Compilado de Dados'!$B$7:$D$13,3,FALSE)/CPs[[#This Row],[Fcj (MPa)]]))
A19: 44593 | B19: 10x20 Axial | C19: 6 | D19: 45663 | E19: 7 | F19: =CPs[[#This Row],[Data de Moldagem]]+CPs[[#This Row],[Idade]] -> 45670 | G19: 21 | H19: A | I19: =IF(OR(CPs[[#This Row],[Tipo de CP]]="",CPs[[#This Row],[Carga (tonelada)]]="")=TRUE,"",CPs[[#This Row],[Carga (tonelada)]]*VLOOKUP(CPs[[#This Row],[Tipo de CP]],$T$3:$U$5,2,FALSE)) -> 26.2227 | J19: =IF(OR(CPs[[#This Row],[Idade]]<>'Escopo de Estudo'!$D$36,CPs[[#This Row],[Tipo de CP]]<>'Escopo de Estudo'!$J$36)=TRUE,"",IF(OR(CPs[[#This Row],[Fcj (MPa)]]="",CPs[[#This Row],[m]]="")=TRUE,"",VLOOKUP(CPs[[#This Row],[m]],'Compilado de Dados'!$B$7:$D$13,3,FALSE)/CPs[[#This Row],[Fcj (MPa)]]))
A20: 44594 | B20: 10x20 Axial | C20: 6 | D20: 45663 | E20: 28 | F20: =CPs[[#This Row],[Data de Moldagem]]+CPs[[#This Row],[Idade]] -> 45691 | G20: 24.71 | H20: B | I20: =IF(OR(CPs[[#This Row],[Tipo de CP]]="",CPs[[#This Row],[Carga (tonelada)]]="")=TRUE,"",CPs[[#This Row],[Carga (tonelada)]]*VLOOKUP(CPs[[#This Row],[Tipo de CP]],$T$3:$U$5,2,FALSE)) -> 30.855377 | J20: =IF(OR(CPs[[#This Row],[Idade]]<>'Escopo de Estudo'!$D$36,CPs[[#This Row],[Tipo de CP]]<>'Escopo de Estudo'!$J$36)=TRUE,"",IF(OR(CPs[[#This Row],[Fcj (MPa)]]="",CPs[[#This Row],[m]]="")=TRUE,"",VLOOKUP(CPs[[#This Row],[m]],'Compilado de Dados'!$B$7:$D$13,3,FALSE)/CPs[[#This Row],[Fcj (MPa)]])) -> 10.49163
A21: 44595 | B21: 10x20 Axial | C21: 6 | D21: 45663 | E21: 28 | F21: =CPs[[#This Row],[Data de Moldagem]]+CPs[[#This Row],[Idade]] -> 45691 | G21: 24.71 | H21: C | I21: =IF(OR(CPs[[#This Row],[Tipo de CP]]="",CPs[[#This Row],[Carga (tonelada)]]="")=TRUE,"",CPs[[#This Row],[Carga (tonelada)]]*VLOOKUP(CPs[[#This Row],[Tipo de CP]],$T$3:$U$5,2,FALSE)) -> 30.855377 | J21: =IF(OR(CPs[[#This Row],[Idade]]<>'Escopo de Estudo'!$D$36,CPs[[#This Row],[Tipo de CP]]<>'Escopo de Estudo'!$J$36)=TRUE,"",IF(OR(CPs[[#This Row],[Fcj (MPa)]]="",CPs[[#This Row],[m]]="")=TRUE,"",VLOOKUP(CPs[[#This Row],[m]],'Compilado de Dados'!$B$7:$D$13,3,FALSE)/CPs[[#This Row],[Fcj (MPa)]])) -> 10.49163
A22: 44596 | B22: 10x20 Axial | C22: 7 | D22: 45663 | E22: 7 | F22: =CPs[[#This Row],[Data de Moldagem]]+CPs[[#This Row],[Idade]] -> 45670 | G22: 18 | H22: B | I22: =IF(OR(CPs[[#This Row],[Tipo de CP]]="",CPs[[#This Row],[Carga (tonelada)]]="")=TRUE,"",CPs[[#This Row],[Carga (tonelada)]]*VLOOKUP(CPs[[#This Row],[Tipo de CP]],$T$3:$U$5,2,FALSE)) -> 22.4766 | J22: =IF(OR(CPs[[#This Row],[Idade]]<>'Escopo de Estudo'!$D$36,CPs[[#This Row],[Tipo de CP]]<>'Escopo de Estudo'!$J$36)=TRUE,"",IF(OR(CPs[[#This Row],[Fcj (MPa)]]="",CPs[[#This Row],[m]]="")=TRUE,"",VLOOKUP(CPs[[#This Row],[m]],'Compilado de Dados'!$B$7:$D$13,3,FALSE)/CPs[[#This Row],[Fcj (MPa)]]))
A23: 44597 | B23: 10x20 Axial | C23: 7 | D23: 45663 | E23: 7 | F23: =CPs[[#This Row],[Data de Moldagem]]+CPs[[#This Row],[Idade]] -> 45670 | G23: 18 | H23: A | I23: =IF(OR(CPs[[#This Row],[Tipo de CP]]="",CPs[[#This Row],[Carga (tonelada)]]="")=TRUE,"",CPs[[#This Row],[Carga (tonelada)]]*VLOOKUP(CPs[[#This Row],[Tipo de CP]],$T$3:$U$5,2,FALSE)) -> 22.4766 | J23: =IF(OR(CPs[[#This Row],[Idade]]<>'Escopo de Estudo'!$D$36,CPs[[#This Row],[Tipo de CP]]<>'Escopo de Estudo'!$J$36)=TRUE,"",IF(OR(CPs[[#This Row],[Fcj (MPa)]]="",CPs[[#This Row],[m]]="")=TRUE,"",VLOOKUP(CPs[[#This Row],[m]],'Compilado de Dados'!$B$7:$D$13,3,FALSE)/CPs[[#This Row],[Fcj (MPa)]]))
... A33: 44607 | B33: 10x20 Axial | C33: 9 | D33: 45663 | E33: 28 | F33: =CPs[[#This Row],[Data de Moldagem]]+CPs[[#This Row],[Idade]] -> 45691 | G33: 12 | H33: C | I33: =IF(OR(CPs[[#This Row],[Tipo de CP]]="",CPs[[#This Row],[Carga (tonelada)]]="")=TRUE,"",CPs[[#This Row],[Carga (tonelada)]]*VLOOKUP(CPs[[#This Row],[Tipo de CP]],$T$3:$U$5,2,FALSE)) -> 14.9844 | J33: =IF(OR(CPs[[#This Row],[Idade]]<>'Escopo de Estudo'!$D$36,CPs[[#This Row],[Tipo de CP]]<>'Escopo de Estudo'!$J$36)=TRUE,"",IF(OR(CPs[[#This Row],[Fcj (MPa)]]="",CPs[[#This Row],[m]]="")=TRUE,"",VLOOKUP(CPs[[#This Row],[m]],'Compilado de Dados'!$B$7:$D$13,3,FALSE)/CPs[[#This Row],[Fcj (MPa)]])) -> 15.09556

Sheet Avaliação de Resultado
B6: Resistência Desejada (MPa)
B7: 20

Sheet Compilado de Dados
B4: =COUNT(B7:B13) -> 7
A5: ID | B5: m | C5: a/c | D5: Consumo de Cimento Total | E5: Consumo de Cimento Portalnd | F5: Resistência Média | G5: Índice de Eficiência Média | H5: Slump de Ensaio
A7: 1 | B7: =IF('Escopo de Estudo'!AG8="OK",IF('Escopo de Estudo'!D10=TRUE,'Escopo de Estudo'!D8,"")) -> 3 | C7: =IF(B7="","",'Dados - Fase Plástica'!M5) -> 0.34104 | D7: =IF(B7="","",'Dados - Fase Plástica'!O5) -> 566.77141 | E7: =IF(B7="","",'Dados - Fase Plástica'!P5) -> 566.77141 | F7: =AVERAGEIFS(CPs[Fcj (MPa)],CPs[Idade],'Escopo de Estudo'!$D$36,CPs[Tipo de CP],'Escopo de Estudo'!$J$36,CPs[m],B7) -> 66.1811 | G7: =AVERAGEIFS(CPs[Índice de Eficiência],CPs[Idade],'Escopo de Estudo'!$D$36,CPs[Tipo de CP],'Escopo de Estudo'!$J$36,CPs[m],B7) -> 8.5639466 | H7: =IF(B7="","",'Dados - Fase Plástica'!F5) -> 200
A8: 2 | B8: =IF('Escopo de Estudo'!AG8="OK",IF('Escopo de Estudo'!H10=TRUE,'Escopo de Estudo'!H8,"")) -> 4 | C8: =IF(B8="","",'Dados - Fase Plástica'!M8) -> 0.42875 | D8: =IF(B8="","",'Dados - Fase Plástica'!O8) -> 453.2125 | E8: =IF(B8="","",'Dados - Fase Plástica'!P8) -> 453.2125 | F8: =AVERAGEIFS(CPs[Fcj (MPa)],CPs[Idade],'Escopo de Estudo'!$D$36,CPs[Tipo de CP],'Escopo de Estudo'!$J$36,CPs[m],B8) -> 49.948 | G8: =AVERAGEIFS(CPs[Índice de Eficiência],CPs[Idade],'Escopo de Estudo'!$D$36,CPs[Tipo de CP],'Escopo de Estudo'!$J$36,CPs[m],B8) -> 9.0736866 | H8: =IF(B8="","",'Dados - Fase Plástica'!F8) -> 200
A9: 3 | B9: =IF('Escopo de Estudo'!AG8="OK",IF('Escopo de Estudo'!L10=TRUE,'Escopo de Estudo'!L8,"")) -> 5 | C9: =IF(B9="","",'Dados - Fase Plástica'!M11) -> 0.50568 | D9: =IF(B9="","",'Dados - Fase Plástica'!O11) -> 378.18911 | E9: =IF(B9="","",'Dados - Fase Plástica'!P11) -> 378.18911 | F9: =AVERAGEIFS(CPs[Fcj (MPa)],CPs[Idade],'Escopo de Estudo'!$D$36,CPs[Tipo de CP],'Escopo de Estudo'!$J$36,CPs[m],B9) -> 44.9532 | G9: =AVERAGEIFS(CPs[Índice de Eficiência],CPs[Idade],'Escopo de Estudo'!$D$36,CPs[Tipo de CP],'Escopo de Estudo'!$J$36,CPs[m],B9) -> 8.412952 | H9: =IF(B9="","",'Dados - Fase Plástica'!F11) -> 200
A10: 4 | B10: =IF('Escopo de Estudo'!AG8="OK",IF('Escopo de Estudo'!P10=TRUE,'Escopo de Estudo'!P8,"")) -> 6 | C10: =IF(B10="","",'Dados - Fase Plástica'!M14) -> 0.60025 | D10: =IF(B10="","",'Dados - Fase Plástica'!O14) -> 323.72321 | E10: =IF(B10="","",'Dados - Fase Plástica'!P14) -> 323.72321 | F10: =AVERAGEIFS(CPs[Fcj (MPa)],CPs[Idade],'Escopo de Estudo'!$D$36,CPs[Tipo de CP],'Escopo de Estudo'!$J$36,CPs[m],B10) -> 30.855377 | G10: =AVERAGEIFS(CPs[Índice de Eficiência],CPs[Idade],'Escopo de Estudo'!$D$36,CPs[Tipo de CP],'Escopo de Estudo'!$J$36,CPs[m],B10) -> 10.49163 | H10: =IF(B10="","",'Dados - Fase Plástica'!F14) -> 200
A11: 5 | B11: =IF('Escopo de Estudo'!AG8="OK",IF('Escopo de Estudo'!T10=TRUE,'Escopo de Estudo'!T8,"")) -> 7 | C11: =IF(B11="","",'Dados - Fase Plástica'!M17) -> 0.68404 | D11: =IF(B11="","",'Dados - Fase Plástica'!O17) -> 283.32174 | E11: =IF(B11="","",'Dados - Fase Plástica'!P17) -> 283.32174 | F11: =AVERAGEIFS(CPs[Fcj (MPa)],CPs[Idade],'Escopo de Estudo'!$D$36,CPs[Tipo de CP],'Escopo de Estudo'!$J$36,CPs[m],B11) -> 26.2227 | G11: =AVERAGEIFS(CPs[Índice de Eficiência],CPs[Idade],'Escopo de Estudo'!$D$36,CPs[Tipo de CP],'Escopo de Estudo'!$J$36,CPs[m],B11) -> 10.804446 | H11: =IF(B11="","",'Dados - Fase Plástica'!F17) -> 200
A12: 6 | B12: =IF('Escopo de Estudo'!AG8="OK",IF('Escopo de Estudo'!X10=TRUE,'Escopo de Estudo'!X8,"")) -> 8 | C12: =IF(B12="","",'Dados - Fase Plástica'!M20) -> 0.77175 | D12: =IF(B12="","",'Dados - Fase Plástica'!O20) -> 251.78472 | E12: =IF(B12="","",'Dados - Fase Plástica'!P20) -> 251.78472 | F12: =AVERAGEIFS(CPs[Fcj (MPa)],CPs[Idade],'Escopo de Estudo'!$D$36,CPs[Tipo de CP],'Escopo de Estudo'!$J$36,CPs[m],B12) -> 22.039555 | G12: =AVERAGEIFS(CPs[Índice de Eficiência],CPs[Idade],'Escopo de Estudo'!$D$36,CPs[Tipo de CP],'Escopo de Estudo'!$J$36,CPs[m],B12) -> 11.42422 | H12: =IF(B12="","",'Dados - Fase Plástica'!F20) -> 200
A13: 7 | B13: =IF('Escopo de Estudo'!AG8="OK",IF('Escopo de Estudo'!AB10=TRUE,'Escopo de Estudo'!AB8,"")) -> 9 | C13: =IF(B13="","",'Dados - Fase Plástica'!M23) -> 0.8771 | D13: =IF(B13="","",'Dados - Fase Plástica'!O23) -> 226.19792 | E13: =IF(B13="","",'Dados - Fase Plástica'!P23) -> 226.19792 | F13: =AVERAGEIFS(CPs[Fcj (MPa)],CPs[Idade],'Escopo de Estudo'!$D$36,CPs[Tipo de CP],'Escopo de Estudo'!$J$36,CPs[m],B13) -> 14.9844 | G13: =AVERAGEIFS(CPs[Índice de Eficiência],CPs[Idade],'Escopo de Estudo'!$D$36,CPs[Tipo de CP],'Escopo de Estudo'!$J$36,CPs[m],B13) -> 15.09556 | H13: =IF(B13="","",'Dados - Fase Plástica'!F23) -> 100
A34: a/c x m | N34: m x Consumo | AA34: Resistência x a/c | AN34: a/c x Resistência | BA34: m x Índice de Eficiência
A36: m\x^n | B36: 6 | C36: 5 | D36: 4 | E36: 3 | F36: 2 | G36: 1 | H36: 0 | N36: m\x^n | O36: 6 | P36: 5 | Q36: 4 | R36: 3 | S36: 2 | T36: 1 | U36: 0 | AA36: m\x^n | AB36: 6 | AC36: 5 | AD36: 4 | AE36: 3 | AF36: 2 | AG36: 1 | AH36: 0 | AN36: m\x^n | AO36: 6 | AP36: 5 | AQ36: 4 | AR36: 3 | AS36: 2 | AT36: 1 | AU36: 0 | BA36: m\x^n | BB36: 6 | BC36: 5 | BD36: 4 | BE36: 3 | BF36: 2 | BG36: 1 | BH36: 0
A37: 2 | B37: =IF($C$7="","",$C$7^B36) -> 0.0015733738 | C37: =IF($C$7="","",$C$7^C36) -> 0.0046134583 | D37: =IF($C$7="","",$C$7^D36) -> 0.013527616 | E37: =IF($C$7="","",$C$7^E36) -> 0.039665776 | F37: =IF($C$7="","",$C$7^F36) -> 0.11630828 | G37: =IF($C$7="","",$C$7^G36) -> 0.34104 | H37: =IF($C$7="","",$C$7^H36) -> 1 | I37: =IF($B$4=7,MDETERM(B37:H43),IF($B$4=6,MDETERM(C37:H42),IF($B$4=5,MDETERM(D37:H41),IF($B$4=4,MDETERM(E37:H40),IF($B$4=3,MDETERM(F37:H39),"ERRO"))))) -> -1.816446e-15 | K37: Equação | L37: =IF(B4=7,I47/I37,0) -> 5525.6818 | N37: 2 | O37: =IF($B$7="","",$B$7^O36) -> 729 | P37: =IF($B$7="","",$B$7^P36) -> 243 | Q37: =IF($B$7="","",$B$7^Q36) -> 81 | R37: =IF($B$7="","",$B$7^R36) -> 27 | S37: =IF($B$7="","",$B$7^S36) -> 9 | T37: =IF($B$7="","",$B$7^T36) -> 3 | U37: =IF($B$7="","",$B$7^U36) -> 1 | V37: =IF($B$4=7,MDETERM(O37:U43),IF($B$4=6,MDETERM(P37:U42),IF($B$4=5,MDETERM(Q37:U41),IF($B$4=4,MDETERM(R37:U40),IF($B$4=3,MDETERM(S37:U39),"ERRO"))))) -> -24883200 | X37: Equação | Y37: =IF($B$4=7,V47/V37,0) -> 0.015534152 | AA37: 2 | AB37: =IF($C$7="","",$C$7^AB36) -> 0.0015733738 | AC37: =IF($C$7="","",$C$7^AC36) -> 0.0046134583 | AD37: =IF($C$7="","",$C$7^AD36) -> 0.013527616 | AE37: =IF($C$7="","",$C$7^AE36) -> 0.039665776 | AF37: =IF($C$7="","",$C$7^AF36) -> 0.11630828 | AG37: =IF($C$7="","",$C$7^AG36) -> 0.34104 | AH37: =IF($C$7="","",$C$7^AH36) -> 1 | AI37: =IF($B$4=7,MDETERM(AB37:AH43),IF($B$4=6,MDETERM(AC37:AH42),IF($B$4=5,MDETERM(AD37:AH41),IF($B$4=4,MDETERM(AE37:AH40),IF($B$4=3,MDETERM(AF37:AH39),"ERRO"))))) -> -1.816446e-15 | AK37: Equação | AL37: =IF($B$4=7,AI47/AI37,0) -> 267549.14 | AN37: 2 | AO37: =IF($F$7="","",$F$7^AO36) -> 8.4024104e+10 | AP37: =IF($F$7="","",$F$7^AP36) -> 1.2696087e+09 | AQ37: =IF($F$7="","",$F$7^AQ36) -> 19183857 | AR37: =IF($F$7="","",$F$7^AR36) -> 289869.11 | AS37: =IF($F$7="","",$F$7^AS36) -> 4379.938 | AT37: =IF($F$7="","",$F$7^AT36) -> 66.1811 | AU37: =IF($F$7="","",$F$7^AU36) -> 1 | AV37: =IF($B$4=7,MDETERM(AO37:AU43),IF($B$4=6,MDETERM(AP37:AU42),IF($B$4=5,MDETERM(AQ37:AU41),IF($B$4=4,MDETERM(AR37:AU40),IF($B$4=3,MDETERM(AS37:AU39),"ERRO"))))) -> 9.4605829e+25 | AX37: Equação | AY37: =IF($B$4=7,AV47/AV37,0) -> 2.046823e-09 | BA37: 2 | BB37: =IF($B$7="","",$B$7^BB36) -> 729 | BC37: =IF($B$7="","",$B$7^BC36) -> 243 | BD37: =IF($B$7="","",$B$7^BD36) -> 81 | BE37: =IF($B$7="","",$B$7^BE36) -> 27 | BF37: =IF($B$7="","",$B$7^BF36) -> 9 | BG37: =IF($B$7="","",$B$7^BG36) -> 3 | BH37: =IF($B$7="","",$B$7^BH36) -> 1 | BI37: =IF($B$4=7,MDETERM(BB37:BH43),IF($B$4=6,MDETERM(BC37:BH42),IF($B$4=5,MDETERM(BD37:BH41),IF($B$4=4,MDETERM(BE37:BH40),IF($B$4=3,MDETERM(BF37:BH39),"ERRO"))))) -> -24883200 | BK37: Equação | BL37: =IF($B$4=7,BI47/BI37,0) -> -0.029027184
A38: 3 | B38: =IF($C$8="","",$C$8^B36) -> 0.0062119049 | C38: =IF($C$8="","",$C$8^C36) -> 0.014488408 | D38: =IF($C$8="","",$C$8^D36) -> 0.033792205 | E38: =IF($C$8="","",$C$8^E36) -> 0.078815639 | F38: =IF($C$8="","",$C$8^F36) -> 0.18382656 | G38: =IF($C$8="","",$C$8^G36) -> 0.42875 | H38: =IF($C$8="","",$C$8^H36) -> 1 | L38: =IF(B4>=6,I56/I37,0) -> -20458.828 | N38: 3 | O38: =IF($B$8="","",$B$8^O36) -> 4096 | P38: =IF($B$8="","",$B$8^P36) -> 1024 | Q38: =IF($B$8="","",$B$8^Q36) -> 256 | R38: =IF($B$8="","",$B$8^R36) -> 64 | S38: =IF($B$8="","",$B$8^S36) -> 16 | T38: =IF($B$8="","",$B$8^T36) -> 4 | U38: =IF($B$8="","",$B$8^U36) -> 1 | Y38: =IF(B4>=6,V56/V37,0) -> -0.59755962 | AA38: 3 | AB38: =IF($C$8="","",$C$8^AB36) -> 0.0062119049 | AC38: =IF($C$8="","",$C$8^AC36) -> 0.014488408 | AD38: =IF($C$8="","",$C$8^AD36) -> 0.033792205 | AE38: =IF($C$8="","",$C$8^AE36) -> 0.078815639 | AF38: =IF($C$8="","",$C$8^AF36) -> 0.18382656 | AG38: =IF($C$8="","",$C$8^AG36) -> 0.42875 | AH38: =IF($C$8="","",$C$8^AH36) -> 1 | AL38: =IF($B$4>=6,AI56/AI37,0) -> -989364.94 | AN38: 3 | AO38: =IF($F$8="","",$F$8^AO36) -> 1.5527753e+10 | AP38: =IF($F$8="","",$F$8^AP36) -> 3.1087838e+08 | AQ38: =IF($F$8="","",$F$8^AQ36) -> 6224040.5 | AR38: =IF($F$8="","",$F$8^AR36) -> 124610.41 | AS38: =IF($F$8="","",$F$8^AS36) -> 2494.8027 | AT38: =IF($F$8="","",$F$8^AT36) -> 49.948 | AU38: =IF($F$8="","",$F$8^AU36) -> 1 | AY38: =IF($B$4>=6,AV56/AV37,0) -> -4.0507187e-07 | BA38: 3 | BB38: =IF($B$8="","",$B$8^BB36) -> 4096 | BC38: =IF($B$8="","",$B$8^BC36) -> 1024 | BD38: =IF($B$8="","",$B$8^BD36) -> 256 | BE38: =IF($B$8="","",$B$8^BE36) -> 64 | BF38: =IF($B$8="","",$B$8^BF36) -> 16 | BG38: =IF($B$8="","",$B$8^BG36) -> 4 | BH38: =IF($B$8="","",$B$8^BH36) -> 1 | BL38: =IF($B$4>=6,BI56/BI37,0) -> 1.0828409
A39: 4 | B39: =IF($C$9="","",$C$9^B36) -> 0.016720708 | C39: =IF($C$9="","",$C$9^C36) -> 0.033065789 | D39: =IF($C$9="","",$C$9^D36) -> 0.065388761 | E39: =IF($C$9="","",$C$9^E36) -> 0.12930858 | F39: =IF($C$9="","",$C$9^F36) -> 0.25571226 | G39: =IF($C$9="","",$C$9^G36) -> 0.50568 | H39: =IF($C$9="","",$C$9^H36) -> 1 | L39: =IF(B4>=5,I65/I37,0) -> 30959.32 | N39: 4 | O39: =IF($B$9="","",$B$9^O36) -> 15625 | P39: =IF($B$9="","",$B$9^P36) -> 3125 | Q39: =IF($B$9="","",$B$9^Q36) -> 625 | R39: =IF($B$9="","",$B$9^R36) -> 125 | S39: =IF($B$9="","",$B$9^S36) -> 25 | T39: =IF($B$9="","",$B$9^T36) -> 5 | U39: =IF($B$9="","",$B$9^U36) -> 1 | Y39: =IF(B4>=5,V65/V37,0) -> 9.5145537 | AA39: 4 | AB39: =IF($C$9="","",$C$9^AB36) -> 0.016720708 | AC39: =IF($C$9="","",$C$9^AC36) -> 0.033065789 | AD39: =IF($C$9="","",$C$9^AD36) -> 0.065388761 | AE39: =IF($C$9="","",$C$9^AE36) -> 0.12930858 | AF39: =IF($C$9="","",$C$9^AF36) -> 0.25571226 | AG39: =IF($C$9="","",$C$9^AG36) -> 0.50568 | AH39: =IF($C$9="","",$C$9^AH36) -> 1 | AL39: =IF($B$4>=5,AI65/AI37,0) -> 1496179.2 | AN39: 4 | AO39: =IF($F$9="","",$F$9^AO36) -> 8.2520847e+09 | AP39: =IF($F$9="","",$F$9^AP36) -> 1.8357057e+08 | AQ39: =IF($F$9="","",$F$9^AQ36) -> 4083593 | AR39: =IF($F$9="","",$F$9^AR36) -> 90840.986 | AS39: =IF($F$9="","",$F$9^AS36) -> 2020.7902 | AT39: =IF($F$9="","",$F$9^AT36) -> 44.9532 | AU39: =IF($F$9="","",$F$9^AU36) -> 1 | AY39: =IF($B$4>=5,AV65/AV37,0) -> 3.0657969e-05 | BA39: 4 | BB39: =IF($B$9="","",$B$9^BB36) -> 15625 | BC39: =IF($B$9="","",$B$9^BC36) -> 3125 | BD39: =IF($B$9="","",$B$9^BD36) -> 625 | BE39: =IF($B$9="","",$B$9^BE36) -> 125 | BF39: =IF($B$9="","",$B$9^BF36) -> 25 | BG39: =IF($B$9="","",$B$9^BG36) -> 5 | BH39: =IF($B$9="","",$B$9^BH36) -> 1 | BL39: =IF($B$4>=5,BI65/BI37,0) -> -16.391325
A40: 5 | B40: =IF($C$10="","",$C$10^B36) -> 0.046772762 | C40: =IF($C$10="","",$C$10^C36) -> 0.077922135 | D40: =IF($C$10="","",$C$10^D36) -> 0.12981614 | E40: =IF($C$10="","",$C$10^E36) -> 0.21627011 | F40: =IF($C$10="","",$C$10^F36) -> 0.36030006 | G40: =IF($C$10="","",$C$10^G36) -> 0.60025 | H40: =IF($C$10="","",$C$10^H36) -> 1 | L40: =IF(B4>=4,I74/I37,0) -> -24481.141 | N40: 5 | O40: =IF($B$10="","",$B$10^O36) -> 46656 | P40: =IF($B$10="","",$B$10^P36) -> 7776 | Q40: =IF($B$10="","",$B$10^Q36) -> 1296 | R40: =IF($B$10="","",$B$10^R36) -> 216 | S40: =IF($B$10="","",$B$10^S36) -> 36 | T40: =IF($B$10="","",$B$10^T36) -> 6 | U40: =IF($B$10="","",$B$10^U36) -> 1 | Y40: =IF(B4>=4,V74/V37,0) -> -81.118132 | AA40: 5 | AB40: =IF($C$10="","",$C$10^AB36) -> 0.046772762 | AC40: =IF($C$10="","",$C$10^AC36) -> 0.077922135 | AD40: =IF($C$10="","",$C$10^AD36) -> 0.12981614 | AE40: =IF($C$10="","",$C$10^AE36) -> 0.21627011 | AF40: =IF($C$10="","",$C$10^AF36) -> 0.36030006 | AG40: =IF($C$10="","",$C$10^AG36) -> 0.60025 | AH40: =IF($C$10="","",$C$10^AH36) -> 1 | AL40: =IF($B$4>=4,AI74/AI37,0) -> -1183011.9 | AN40: 5 | AO40: =IF($F$10="","",$F$10^AO36) -> 8.6294903e+08 | AP40: =IF($F$10="","",$F$10^AP36) -> 27967541 | AQ40: =IF($F$10="","",$F$10^AQ36) -> 906407.37 | AR40: =IF($F$10="","",$F$10^AR36) -> 29375.994 | AS40: =IF($F$10="","",$F$10^AS36) -> 952.05429 | AT40: =IF($F$10="","",$F$10^AT36) -> 30.855377 | AU40: =IF($F$10="","",$F$10^AU36) -> 1 | AY40: =IF($B$4>=4,AV74/AV37,0) -> -0.0011136303 | BA40: 5 | BB40: =IF($B$10="","",$B$10^BB36) -> 46656 | BC40: =IF($B$10="","",$B$10^BC36) -> 7776 | BD40: =IF($B$10="","",$B$10^BD36) -> 1296 | BE40: =IF($B$10="","",$B$10^BE36) -> 216 | BF40: =IF($B$10="","",$B$10^BF36) -> 36 | BG40: =IF($B$10="","",$B$10^BG36) -> 6 | BH40: =IF($B$10="","",$B$10^BH36) -> 1 | BL40: =IF($B$4>=4,BI74/BI37,0) -> 128.57449
A41: 6 | B41: =IF($C$11="","",$C$11^B36) -> 0.10244458 | C41: =IF($C$11="","",$C$11^C36) -> 0.14976402 | D41: =IF($C$11="","",$C$11^D36) -> 0.21894044 | E41: =IF($C$11="","",$C$11^E36) -> 0.32006965 | F41: =IF($C$11="","",$C$11^F36) -> 0.46791072 | G41: =IF($C$11="","",$C$11^G36) -> 0.68404 | H41: =IF($C$11="","",$C$11^H36) -> 1 | L41: =I83/I37 -> 10655.292 | N41: 6 | O41: =IF($B$11="","",$B$11^O36) -> 117649 | P41: =IF($B$11="","",$B$11^P36) -> 16807 | Q41: =IF($B$11="","",$B$11^Q36) -> 2401 | R41: =IF($B$11="","",$B$11^R36) -> 343 | S41: =IF($B$11="","",$B$11^S36) -> 49 | T41: =IF($B$11="","",$B$11^T36) -> 7 | U41: =IF($B$11="","",$B$11^U36) -> 1 | Y41: =V83/V37 -> 400.76811 | AA41: 6 | AB41: =IF($C$11="","",$C$11^AB36) -> 0.10244458 | AC41: =IF($C$11="","",$C$11^AC36) -> 0.14976402 | AD41: =IF($C$11="","",$C$11^AD36) -> 0.21894044 | AE41: =IF($C$11="","",$C$11^AE36) -> 0.32006965 | AF41: =IF($C$11="","",$C$11^AF36) -> 0.46791072 | AG41: =IF($C$11="","",$C$11^AG36) -> 0.68404 | AH41: =IF($C$11="","",$C$11^AH36) -> 1 | AL41: =AI83/AI37 -> 515328.41 | AN41: 6 | AO41: =IF($F$11="","",$F$11^AO36) -> 3.2513554e+08 | AP41: =IF($F$11="","",$F$11^AP36) -> 12399011 | AQ41: =IF($F$11="","",$F$11^AQ36) -> 472835.01 | AR41: =IF($F$11="","",$F$11^AR36) -> 18031.515 | AS41: =IF($F$11="","",$F$11^AS36) -> 687.63 | AT41: =IF($F$11="","",$F$11^AT36) -> 26.2227 | AU41: =IF($F$11="","",$F$11^AU36) -> 1 | AY41: =AV83/AV37 -> 0.019971618 | BA41: 6 | BB41: =IF($B$11="","",$B$11^BB36) -> 117649 | BC41: =IF($B$11="","",$B$11^BC36) -> 16807 | BD41: =IF($B$11="","",$B$11^BD36) -> 2401 | BE41: =IF($B$11="","",$B$11^BE36) -> 343 | BF41: =IF($B$11="","",$B$11^BF36) -> 49 | BG41: =IF($B$11="","",$B$11^BG36) -> 7 | BH41: =IF($B$11="","",$B$11^BH36) -> 1 | BL41: =BI83/BI37 -> -549.73562
A42: 7 | B42: =IF($C$12="","",$C$12^B36) -> 0.2112807 | C42: =IF($C$12="","",$C$12^C36) -> 0.27376832 | D42: =IF($C$12="","",$C$12^D36) -> 0.35473705 | E42: =IF($C$12="","",$C$12^E36) -> 0.4596528 | F42: =IF($C$12="","",$C$12^F36) -> 0.59559806 | G42: =IF($C$12="","",$C$12^G36) -> 0.77175 | H42: =IF($C$12="","",$C$12^H36) -> 1 | L42: =I92/I37 -> -2405.3437 | N42: 7 | O42: =IF($B$12="","",$B$12^O36) -> 262144 | P42: =IF($B$12="","",$B$12^P36) -> 32768 | Q42: =IF($B$12="","",$B$12^Q36) -> 4096 | R42: =IF($B$12="","",$B$12^R36) -> 512 | S42: =IF($B$12="","",$B$12^S36) -> 64 | T42: =IF($B$12="","",$B$12^T36) -> 8 | U42: =IF($B$12="","",$B$12^U36) -> 1 | Y42: =V92/V37 -> -1168.2211 | AA42: 7 | AB42: =IF($C$12="","",$C$12^AB36) -> 0.2112807 | AC42: =IF($C$12="","",$C$12^AC36) -> 0.27376832 | AD42: =IF($C$12="","",$C$12^AD36) -> 0.35473705 | AE42: =IF($C$12="","",$C$12^AE36) -> 0.4596528 | AF42: =IF($C$12="","",$C$12^AF36) -> 0.59559806 | AG42: =IF($C$12="","",$C$12^AG36) -> 0.77175 | AH42: =IF($C$12="","",$C$12^AH36) -> 1 | AL42: =AI92/AI37 -> -117274.32 | AN42: 7 | AO42: =IF($F$12="","",$F$12^AO36) -> 1.1460853e+08 | AP42: =IF($F$12="","",$F$12^AP36) -> 5200128.9 | AQ42: =IF($F$12="","",$F$12^AQ36) -> 235945.28 | AR42: =IF($F$12="","",$F$12^AR36) -> 10705.537 | AS42: =IF($F$12="","",$F$12^AS36) -> 485.74198 | AT42: =IF($F$12="","",$F$12^AT36) -> 22.039555 | AU42: =IF($F$12="","",$F$12^AU36) -> 1 | AY42: =AV92/AV37 -> -0.17659306 | BA42: 7 | BB42: =IF($B$12="","",$B$12^BB36) -> 262144 | BC42: =IF($B$12="","",$B$12^BC36) -> 32768 | BD42: =IF($B$12="","",$B$12^BD36) -> 4096 | BE42: =IF($B$12="","",$B$12^BE36) -> 512 | BF42: =IF($B$12="","",$B$12^BF36) -> 64 | BG42: =IF($B$12="","",$B$12^BG36) -> 8 | BH42: =IF($B$12="","",$B$12^BH36) -> 1 | BL42: =BI92/BI37 -> 1211.9207
A43: 8 | B43: =IF($C$13="","",$C$13^B36) -> 0.45529687 | C43: =IF($C$13="","",$C$13^C36) -> 0.51909346 | D43: =IF($C$13="","",$C$13^D36) -> 0.59182928 | E43: =IF($C$13="","",$C$13^E36) -> 0.6747569 | F43: =IF($C$13="","",$C$13^F36) -> 0.76930441 | G43: =IF($C$13="","",$C$13^G36) -> 0.8771 | H43: =IF($C$13="","",$C$13^H36) -> 1 | L43: =I101/I37 -> 221.96942 | N43: 8 | O43: =IF($B$13="","",$B$13^O36) -> 531441 | P43: =IF($B$13="","",$B$13^P36) -> 59049 | Q43: =IF($B$13="","",$B$13^Q36) -> 6561 | R43: =IF($B$13="","",$B$13^R36) -> 729 | S43: =IF($B$13="","",$B$13^S36) -> 81 | T43: =IF($B$13="","",$B$13^T36) -> 9 | U43: =IF($B$13="","",$B$13^U36) -> 1 | Y43: =V101/V37 -> 2017.9151 | AA43: 8 | AB43: =IF($C$13="","",$C$13^AB36) -> 0.45529687 | AC43: =IF($C$13="","",$C$13^AC36) -> 0.51909346 | AD43: =IF($C$13="","",$C$13^AD36) -> 0.59182928 | AE43: =IF($C$13="","",$C$13^AE36) -> 0.6747569 | AF43: =IF($C$13="","",$C$13^AF36) -> 0.76930441 | AG43: =IF($C$13="","",$C$13^AG36) -> 0.8771 | AH43: =IF($C$13="","",$C$13^AH36) -> 1 | AL43: =AI101/AI37 -> 10953.239 | AN43: 8 | AO43: =IF($F$13="","",$F$13^AO36) -> 11319732 | AP43: =IF($F$13="","",$F$13^AP36) -> 755434.45 | AQ43: =IF($F$13="","",$F$13^AQ36) -> 50414.728 | AR43: =IF($F$13="","",$F$13^AR36) -> 3364.4809 | AS43: =IF($F$13="","",$F$13^AS36) -> 224.53224 | AT43: =IF($F$13="","",$F$13^AT36) -> 14.9844 | AU43: =IF($F$13="","",$F$13^AU36) -> 1 | AY43: =AV101/AV37 -> 1.5229794 | BA43: 8 | BB43: =IF($B$13="","",$B$13^BB36) -> 531441 | BC43: =IF($B$13="","",$B$13^BC36) -> 59049 | BD43: =IF($B$13="","",$B$13^BD36) -> 6561 | BE43: =IF($B$13="","",$B$13^BE36) -> 729 | BF43: =IF($B$13="","",$B$13^BF36) -> 81 | BG43: =IF($B$13="","",$B$13^BG36) -> 9 | BH43: =IF($B$13="","",$B$13^BH36) -> 1 | BL43: =BI101/BI37 -> -1065.361
K44: =AX45 -> 0.81076465 | L44: a/c Desejado | X44: =K45 -> 8.337328 | Y44: m Desejado | AK44: =AX45 -> 0.81076465 | AL44: =IF(AK44="","",$AL$37*(AK44^6)+$AL$38*(AK44^5)+$AL$39*(AK44^4)+$AL$40*(AK44^3)+$AL$41*(AK44^2)+$AL$42*(AK44^1)+$AL$43) -> 16.507135 | AX44: ='Avaliação de Resultado'!B7 -> 20 | AY44: Resistência Desejada | BK44: =K45 -> 8.337328 | BL44: m Desejado
K45: =IF(K44="","",$L$37*(K44^6)+$L$38*(K44^5)+$L$39*(K44^4)+$L$40*(K44^3)+$L$41*(K44^2)+$L$42*(K44^1)+$L$43) -> 8.337328 | L45: m | X45: =IF(X44="","",$Y$37*(X44^6)+$Y$38*(X44^5)+$Y$39*(X44^4)+$Y$40*(X44^3)+$Y$41*(X44^2)+$Y$42*(X44^1)+$Y$43) -> 242.39077 | Y45: Consumo | AL45: =(AX44-AL44)/AX44 -> 0.17464326 | AX45: =IF(AX44="","",$AY$37*(AX44^6)+$AY$38*(AX44^5)+$AY$39*(AX44^4)+$AY$40*(AX44^3)+$AY$41*(AX44^2)+$AY$42*(AX44^1)+$AY$43) -> 0.81076465 | AY45: a/c | BK45: =IF(BK44="","",$BL$37*(BK44^6)+$BL$38*(BK44^5)+$BL$39*(BK44^4)+$BL$40*(BK44^3)+$BL$41*(BK44^2)+$BL$42*(BK44^1)+$BL$43) -> 12.57365 | BL45: IRF
A46: m\x^n | B46: 6 | C46: 5 | D46: 4 | E46: 3 | F46: 2 | G46: 1 | H46: 0 | K46: Validação | N46: m\x^n | O46: 6 | P46: 5 | Q46: 4 | R46: 3 | S46: 2 | T46: 1 | U46: 0 | X46: Validação | AA46: m\x^n | AB46: 6 | AC46: 5 | AD46: 4 | AE46: 3 | AF46: 2 | AG46: 1 | AH46: 0 | AK46: Validação | AN46: m\x^n | AO46: 6 | AP46: 5 | AQ46: 4 | AR46: 3 | AS46: 2 | AT46: 1 | AU46: 0 | AX46: Validação | BA46: m\x^n | BB46: 6 | BC46: 5 | BD46: 4 | BE46: 3 | BF46: 2 | BG46: 1 | BH46: 0 | BK46: Validação
A47: 2 | B47: =B7 -> 3 | C47: =C37 -> 0.0046134583 | D47: =D37 -> 0.013527616 | E47: =E37 -> 0.039665776 | F47: =F37 -> 0.11630828 | G47: =G37 -> 0.34104 | H47: =H37 -> 1 | I47: =IF($B$4=7,MDETERM(B47:H53),IF($B$4=6,MDETERM(C47:H52),IF($B$4=5,MDETERM(D47:H51),IF($B$4=4,MDETERM(E47:H50),IF($B$4=3,MDETERM(F47:H49),"ERRO"))))) -> -1.0037103e-11 | K47: a/c | L47: m | N47: 2 | O47: =D7 -> 566.77141 | P47: =P37 -> 243 | Q47: =Q37 -> 81 | R47: =R37 -> 27 | S47: =S37 -> 9 | T47: =T37 -> 3 | U47: =U37 -> 1 | V47: =IF($B$4=7,MDETERM(O47:U53),IF($B$4=6,MDETERM(P47:U52),IF($B$4=5,MDETERM(Q47:U51),IF($B$4=4,MDETERM(R47:U50),IF($B$4=3,MDETERM(S47:U49),"ERRO"))))) -> -386539.42 | X47: m | Y47: Consumo | AA47: 2 | AB47: =F7 -> 66.1811 | AC47: =AC37 -> 0.0046134583 | AD47: =AD37 -> 0.013527616 | AE47: =AE37 -> 0.039665776 | AF47: =AF37 -> 0.11630828 | AG47: =AG37 -> 0.34104 | AH47: =AH37 -> 1 | AI47: =IF($B$4=7,MDETERM(AB47:AH53),IF($B$4=6,MDETERM(AC47:AH52),IF($B$4=5,MDETERM(AD47:AH51),IF($B$4=4,MDETERM(AE47:AH50),IF($B$4=3,MDETERM(AF47:AH49),"ERRO"))))) -> -4.8598858e-10 | AK47: a/c | AL47: Resistência | AN47: 2 | AO47: =C7 -> 0.34104 | AP47: =AP37 -> 1.2696087e+09 | AQ47: =AQ37 -> 19183857 | AR47: =AR37 -> 289869.11 | AS47: =AS37 -> 4379.938 | AT47: =AT37 -> 66.1811 | AU47: =AU37 -> 1 | AV47: =IF($B$4=7,MDETERM(AO47:AU53),IF($B$4=6,MDETERM(AP47:AU52),IF($B$4=5,MDETERM(AQ47:AU51),IF($B$4=4,MDETERM(AR47:AU50),IF($B$4=3,MDETERM(AS47:AU49),"ERRO"))))) -> 1.9364139e+17 | AX47: Resistência | AY47: a/c | BA47: 2 | BB47: =G7 -> 8.5639466 | BC47: =BC37 -> 243 | BD47: =BD37 -> 81 | BE47: =BE37 -> 27 | BF47: =BF37 -> 9 | BG47: =BG37 -> 3 | BH47: =BH37 -> 1 | BI47: =IF($B$4=7,MDETERM(BB47:BH53),IF($B$4=6,MDETERM(BC47:BH52),IF($B$4=5,MDETERM(BD47:BH51),IF($B$4=4,MDETERM(BE47:BH50),IF($B$4=3,MDETERM(BF47:BH49),"ERRO"))))) -> 722289.23 | BK47: m | BL47: IEF
A48: 3 | B48: =B8 -> 4 | C48: =C38 -> 0.014488408 | D48: =D38 -> 0.033792205 | E48: =E38 -> 0.078815639 | F48: =F38 -> 0.18382656 | G48: =G38 -> 0.42875 | H48: =H38 -> 1 | K48: =C7 -> 0.34104 | L48: =IF(K48="","",$L$37*(K48^6)+$L$38*(K48^5)+$L$39*(K48^4)+$L$40*(K48^3)+$L$41*(K48^2)+$L$42*(K48^1)+$L$43) -> 3 | N48: 3 | O48: =D8 -> 453.2125 | P48: =P38 -> 1024 | Q48: =Q38 -> 256 | R48: =R38 -> 64 | S48: =S38 -> 16 | T48: =T38 -> 4 | U48: =U38 -> 1 | X48: =B7 -> 3 | Y48: =IF(X48="","",$Y$37*(X48^6)+$Y$38*(X48^5)+$Y$39*(X48^4)+$Y$40*(X48^3)+$Y$41*(X48^2)+$Y$42*(X48^1)+$Y$43) -> 566.77141 | AA48: 3 | AB48: =F8 -> 49.948 | AC48: =AC38 -> 0.014488408 | AD48: =AD38 -> 0.033792205 | AE48: =AE38 -> 0.078815639 | AF48: =AF38 -> 0.18382656 | AG48: =AG38 -> 0.42875 | AH48: =AH38 -> 1 | AK48: =C7 -> 0.34104 | AL48: =IF(AK48="","",$AL$37*(AK48^6)+$AL$38*(AK48^5)+$AL$39*(AK48^4)+$AL$40*(AK48^3)+$AL$41*(AK48^2)+$AL$42*(AK48^1)+$AL$43) -> 66.1811 | AN48: 3 | AO48: =C8 -> 0.42875 | AP48: =AP38 -> 3.1087838e+08 | AQ48: =AQ38 -> 6224040.5 | AR48: =AR38 -> 124610.41 | AS48: =AS38 -> 2494.8027 | AT48: =AT38 -> 49.948 | AU48: =AU38 -> 1 | AX48: =F7 -> 66.1811 | AY48: =IF(AX48="","",$AY$37*(AX48^6)+$AY$38*(AX48^5)+$AY$39*(AX48^4)+$AY$40*(AX48^3)+$AY$41*(AX48^2)+$AY$42*(AX48^1)+$AY$43) -> 0.34104 | BA48: 3 | BB48: =G8 -> 9.0736866 | BC48: =BC38 -> 1024 | BD48: =BD38 -> 256 | BE48: =BE38 -> 64 | BF48: =BF38 -> 16 | BG48: =BG38 -> 4 | BH48: =BH38 -> 1 | BK48: =B7 -> 3 | BL48: =IF(BK48="","",$BL$37*(BK48^6)+$BL$38*(BK48^5)+$BL$39*(BK48^4)+$BL$40*(BK48^3)+$BL$41*(BK48^2)+$BL$42*(BK48^1)+$BL$43) -> 8.5639466
A49: 4 | B49: =B9 -> 5 | C49: =C39 -> 0.033065789 | D49: =D39 -> 0.065388761 | E49: =E39 -> 0.12930858 | F49: =F39 -> 0.25571226 | G49: =G39 -> 0.50568 | H49: =H39 -> 1 | K49: =C8 -> 0.42875 | L49: =IF(K49="","",$L$37*(K49^6)+$L$38*(K49^5)+$L$39*(K49^4)+$L$40*(K49^3)+$L$41*(K49^2)+$L$42*(K49^1)+$L$43) -> 4 | N49: 4 | O49: =D9 -> 378.18911 | P49: =P39 -> 3125 | Q49: =Q39 -> 625 | R49: =R39 -> 125 | S49: =S39 -> 25 | T49: =T39 -> 5 | U49: =U39 -> 1 | X49: =B8 -> 4 | Y49: =IF(X49="","",$Y$37*(X49^6)+$Y$38*(X49^5)+$Y$39*(X49^4)+$Y$40*(X49^3)+$Y$41*(X49^2)+$Y$42*(X49^1)+$Y$43) -> 453.2125 | AA49: 4 | AB49: =F9 -> 44.9532 | AC49: =AC39 -> 0.033065789 | AD49: =AD39 -> 0.065388761 | AE49: =AE39 -> 0.12930858 | AF49: =AF39 -> 0.25571226 | AG49: =AG39 -> 0.50568 | AH49: =AH39 -> 1 | AK49: =C8 -> 0.42875 | AL49: =IF(AK49="","",$AL$37*(AK49^6)+$AL$38*(AK49^5)+$AL$39*(AK49^4)+$AL$40*(AK49^3)+$AL$41*(AK49^2)+$AL$42*(AK49^1)+$AL$43) -> 49.948 | AN49: 4 | AO49: =C9 -> 0.50568 | AP49: =AP39 -> 1.8357057e+08 | AQ49: =AQ39 -> 4083593 | AR49: =AR39 -> 90840.986 | AS49: =AS39 -> 2020.7902 | AT49: =AT39 -> 44.9532 | AU49: =AU39 -> 1 | AX49: =F8 -> 49.948 | AY49: =IF(AX49="","",$AY$37*(AX49^6)+$AY$38*(AX49^5)+$AY$39*(AX49^4)+$AY$40*(AX49^3)+$AY$41*(AX49^2)+$AY$42*(AX49^1)+$AY$43) -> 0.42875 | BA49: 4 | BB49: =G9 -> 8.412952 | BC49: =BC39 -> 3125 | BD49: =BD39 -> 625 | BE49: =BE39 -> 125 | BF49: =BF39 -> 25 | BG49: =BG39 -> 5 | BH49: =BH39 -> 1 | BK49: =B8 -> 4 | BL49: =IF(BK49="","",$BL$37*(BK49^6)+$BL$38*(BK49^5)+$BL$39*(BK49^4)+$BL$40*(BK49^3)+$BL$41*(BK49^2)+$BL$42*(BK49^1)+$BL$43) -> 9.0736866
A50: 5 | B50: =B10 -> 6 | C50: =C40 -> 0.077922135 | D50: =D40 -> 0.12981614 | E50: =E40 -> 0.21627011 | F50: =F40 -> 0.36030006 | G50: =G40 -> 0.60025 | H50: =H40 -> 1 | K50: =C9 -> 0.50568 | L50: =IF(K50="","",$L$37*(K50^6)+$L$38*(K50^5)+$L$39*(K50^4)+$L$40*(K50^3)+$L$41*(K50^2)+$L$42*(K50^1)+$L$43) -> 5 | N50: 5 | O50: =D10 -> 323.72321 | P50: =P40 -> 7776 | Q50: =Q40 -> 1296 | R50: =R40 -> 216 | S50: =S40 -> 36 | T50: =T40 -> 6 | U50: =U40 -> 1 | X50: =B9 -> 5 | Y50: =IF(X50="","",$Y$37*(X50^6)+$Y$38*(X50^5)+$Y$39*(X50^4)+$Y$40*(X50^3)+$Y$41*(X50^2)+$Y$42*(X50^1)+$Y$43) -> 378.18911 | AA50: 5 | AB50: =F10 -> 30.855377 | AC50: =AC40 -> 0.077922135 | AD50: =AD40 -> 0.12981614 | AE50: =AE40 -> 0.21627011 | AF50: =AF40 -> 0.36030006 | AG50: =AG40 -> 0.60025 | AH50: =AH40 -> 1 | AK50: =C9 -> 0.50568 | AL50: =IF(AK50="","",$AL$37*(AK50^6)+$AL$38*(AK50^5)+$AL$39*(AK50^4)+$AL$40*(AK50^3)+$AL$41*(AK50^2)+$AL$42*(AK50^1)+$AL$43) -> 44.9532 | AN50: 5 | AO50: =C10 -> 0.60025 | AP50: =AP40 -> 27967541 | AQ50: =AQ40 -> 906407.37 | AR50: =AR40 -> 29375.994 | AS50: =AS40 -> 952.05429 | AT50: =AT40 -> 30.855377 | AU50: =AU40 -> 1 | AX50: =F9 -> 44.9532 | AY50: =IF(AX50="","",$AY$37*(AX50^6)+$AY$38*(AX50^5)+$AY$39*(AX50^4)+$AY$40*(AX50^3)+$AY$41*(AX50^2)+$AY$42*(AX50^1)+$AY$43) -> 0.50568 | BA50: 5 | BB50: =G10 -> 10.49163 | BC50: =BC40 -> 7776 | BD50: =BD40 -> 1296 | BE50: =BE40 -> 216 | BF50: =BF40 -> 36 | BG50: =BG40 -> 6 | BH50: =BH40 -> 1 | BK50: =B9 -> 5 | BL50: =IF(BK50="","",$BL$37*(BK50^6)+$BL$38*(BK50^5)+$BL$39*(BK50^4)+$BL$40*(BK50^3)+$BL$41*(BK50^2)+$BL$42*(BK50^1)+$BL$43) -> 8.412952
A51: 6 | B51: =B11 -> 7 | C51: =C41 -> 0.14976402 | D51: =D41 -> 0.21894044 | E51: =E41 -> 0.32006965 | F51: =F41 -> 0.46791072 | G51: =G41 -> 0.68404 | H51: =H41 -> 1 | K51: =C10 -> 0.60025 | L51: =IF(K51="","",$L$37*(K51^6)+$L$38*(K51^5)+$L$39*(K51^4)+$L$40*(K51^3)+$L$41*(K51^2)+$L$42*(K51^1)+$L$43) -> 6 | N51: 6 | O51: =D11 -> 283.32174 | P51: =P41 -> 16807 | Q51: =Q41 -> 2401 | R51: =R41 -> 343 | S51: =S41 -> 49 | T51: =T41 -> 7 | U51: =U41 -> 1 | X51: =B10 -> 6 | Y51: =IF(X51="","",$Y$37*(X51^6)+$Y$38*(X51^5)+$Y$39*(X51^4)+$Y$40*(X51^3)+$Y$41*(X51^2)+$Y$42*(X51^1)+$Y$43) -> 323.72321 | AA51: 6 | AB51: =F11 -> 26.2227 | AC51: =AC41 -> 0.14976402 | AD51: =AD41 -> 0.21894044 | AE51: =AE41 -> 0.32006965 | AF51: =AF41 -> 0.46791072 | AG51: =AG41 -> 0.68404 | AH51: =AH41 -> 1 | AK51: =C10 -> 0.60025 | AL51: =IF(AK51="","",$AL$37*(AK51^6)+$AL$38*(AK51^5)+$AL$39*(AK51^4)+$AL$40*(AK51^3)+$AL$41*(AK51^2)+$AL$42*(AK51^1)+$AL$43) -> 30.855377 | AN51: 6 | AO51: =C11 -> 0.68404 | AP51: =AP41 -> 12399011 | AQ51: =AQ41 -> 472835.01 | AR51: =AR41 -> 18031.515 | AS51: =AS41 -> 687.63 | AT51: =AT41 -> 26.2227 | AU51: =AU41 -> 1 | AX51: =F10 -> 30.855377 | AY51: =IF(AX51="","",$AY$37*(AX51^6)+$AY$38*(AX51^5)+$AY$39*(AX51^4)+$AY$40*(AX51^3)+$AY$41*(AX51^2)+$AY$42*(AX51^1)+$AY$43) -> 0.60025 | BA51: 6 | BB51: =G11 -> 10.804446 | BC51: =BC41 -> 16807 | BD51: =BD41 -> 2401 | BE51: =BE41 -> 343 | BF51: =BF41 -> 49 | BG51: =BG41 -> 7 | BH51: =BH41 -> 1 | BK51: =B10 -> 6 | BL51: =IF(BK51="","",$BL$37*(BK51^6)+$BL$38*(BK51^5)+$BL$39*(BK51^4)+$BL$40*(BK51^3)+$BL$41*(BK51^2)+$BL$42*(BK51^1)+$BL$43) -> 10.49163
A52: 7 | B52: =B12 -> 8 | C52: =C42 -> 0.27376832 | D52: =D42 -> 0.35473705 | E52: =E42 -> 0.4596528 | F52: =F42 -> 0.59559806 | G52: =G42 -> 0.77175 | H52: =H42 -> 1 | K52: =C11 -> 0.68404 | L52: =IF(K52="","",$L$37*(K52^6)+$L$38*(K52^5)+$L$39*(K52^4)+$L$40*(K52^3)+$L$41*(K52^2)+$L$42*(K52^1)+$L$43) -> 7 | N52: 7 | O52: =D12 -> 251.78472 | P52: =P42 -> 32768 | Q52: =Q42 -> 4096 | R52: =R42 -> 512 | S52: =S42 -> 64 | T52: =T42 -> 8 | U52: =U42 -> 1 | X52: =B11 -> 7 | Y52: =IF(X52="","",$Y$37*(X52^6)+$Y$38*(X52^5)+$Y$39*(X52^4)+$Y$40*(X52^3)+$Y$41*(X52^2)+$Y$42*(X52^1)+$Y$43) -> 283.32174 | AA52: 7 | AB52: =F12 -> 22.039555 | AC52: =AC42 -> 0.27376832 | AD52: =AD42 -> 0.35473705 | AE52: =AE42 -> 0.4596528 | AF52: =AF42 -> 0.59559806 | AG52: =AG42 -> 0.77175 | AH52: =AH42 -> 1 | AK52: =C11 -> 0.68404 | AL52: =IF(AK52="","",$AL$37*(AK52^6)+$AL$38*(AK52^5)+$AL$39*(AK52^4)+$AL$40*(AK52^3)+$AL$41*(AK52^2)+$AL$42*(AK52^1)+$AL$43) -> 26.2227 | AN52: 7 | AO52: =C12 -> 0.77175 | AP52: =AP42 -> 5200128.9 | AQ52: =AQ42 -> 235945.28 | AR52: =AR42 -> 10705.537 | AS52: =AS42 -> 485.74198 | AT52: =AT42 -> 22.039555 | AU52: =AU42 -> 1 | AX52: =F11 -> 26.2227 | AY52: =IF(AX52="","",$AY$37*(AX52^6)+$AY$38*(AX52^5)+$AY$39*(AX52^4)+$AY$40*(AX52^3)+$AY$41*(AX52^2)+$AY$42*(AX52^1)+$AY$43) -> 0.68404 | BA52: 7 | BB52: =G12 -> 11.42422 | BC52: =BC42 -> 32768 | BD52: =BD42 -> 4096 | BE52: =BE42 -> 512 | BF52: =BF42 -> 64 | BG52: =BG42 -> 8 | BH52: =BH42 -> 1 | BK52: =B11 -> 7 | BL52: =IF(BK52="","",$BL$37*(BK52^6)+$BL$38*(BK52^5)+$BL$39*(BK52^4)+$BL$40*(BK52^3)+$BL$41*(BK52^2)+$BL$42*(BK52^1)+$BL$43) -> 10.804446
A53: 8 | B53: =B13 -> 9 | C53: =C43 -> 0.51909346 | D53: =D43 -> 0.59182928 | E53: =E43 -> 0.6747569 | F53: =F43 -> 0.76930441 | G53: =G43 -> 0.8771 | H53: =H43 -> 1 | K53: =C12 -> 0.77175 | L53: =IF(K53="","",$L$37*(K53^6)+$L$38*(K53^5)+$L$39*(K53^4)+$L$40*(K53^3)+$L$41*(K53^2)+$L$42*(K53^1)+$L$43) -> 8 | N53: 8 | O53: =D13 -> 226.19792 | P53: =P43 -> 59049 | Q53: =Q43 -> 6561 | R53: =R43 -> 729 | S53: =S43 -> 81 | T53: =T43 -> 9 | U53: =U43 -> 1 | X53: =B12 -> 8 | Y53: =IF(X53="","",$Y$37*(X53^6)+$Y$38*(X53^5)+$Y$39*(X53^4)+$Y$40*(X53^3)+$Y$41*(X53^2)+$Y$42*(X53^1)+$Y$43) -> 251.78472 | AA53: 8 | AB53: =F13 -> 14.9844 | AC53: =AC43 -> 0.51909346 | AD53: =AD43 -> 0.59182928 | AE53: =AE43 -> 0.6747569 | AF53: =AF43 -> 0.76930441 | AG53: =AG43 -> 0.8771 | AH53: =AH43 -> 1 | AK53: =C12 -> 0.77175 | AL53: =IF(AK53="","",$AL$37*(AK53^6)+$AL$38*(AK53^5)+$AL$39*(AK53^4)+$AL$40*(AK53^3)+$AL$41*(AK53^2)+$AL$42*(AK53^1)+$AL$43) -> 22.039555 | AN53: 8 | AO53: =C13 -> 0.8771 | AP53: =AP43 -> 755434.45 | AQ53: =AQ43 -> 50414.728 | AR53: =AR43 -> 3364.4809 | AS53: =AS43 -> 224.53224 | AT53: =AT43 -> 14.9844 | AU53: =AU43 -> 1 | AX53: =F12 -> 22.039555 | AY53: =IF(AX53="","",$AY$37*(AX53^6)+$AY$38*(AX53^5)+$AY$39*(AX53^4)+$AY$40*(AX53^3)+$AY$41*(AX53^2)+$AY$42*(AX53^1)+$AY$43) -> 0.77175 | BA53: 8 | BB53: =G13 -> 15.09556 | BC53: =BC43 -> 59049 | BD53: =BD43 -> 6561 | BE53: =BE43 -> 729 | BF53: =BF43 -> 81 | BG53: =BG43 -> 9 | BH53: =BH43 -> 1 | BK53: =B12 -> 8 | BL53: =IF(BK53="","",$BL$37*(BK53^6)+$BL$38*(BK53^5)+$BL$39*(BK53^4)+$BL$40*(BK53^3)+$BL$41*(BK53^2)+$BL$42*(BK53^1)+$BL$43) -> 11.42422
K54: =C13 -> 0.8771 | L54: =IF(K54="","",$L$37*(K54^6)+$L$38*(K54^5)+$L$39*(K54^4)+$L$40*(K54^3)+$L$41*(K54^2)+$L$42*(K54^1)+$L$43) -> 9 | X54: =B13 -> 9 | Y54: =IF(X54="","",$Y$37*(X54^6)+$Y$38*(X54^5)+$Y$39*(X54^4)+$Y$40*(X54^3)+$Y$41*(X54^2)+$Y$42*(X54^1)+$Y$43) -> 226.19792 | AK54: =C13 -> 0.8771 | AL54: =IF(AK54="","",$AL$37*(AK54^6)+$AL$38*(AK54^5)+$AL$39*(AK54^4)+$AL$40*(AK54^3)+$AL$41*(AK54^2)+$AL$42*(AK54^1)+$AL$43) -> 14.9844 | AX54: =F13 -> 14.9844 | AY54: =IF(AX54="","",$AY$37*(AX54^6)+$AY$38*(AX54^5)+$AY$39*(AX54^4)+$AY$40*(AX54^3)+$AY$41*(AX54^2)+$AY$42*(AX54^1)+$AY$43) -> 0.8771 | BK54: =B13 -> 9 | BL54: =IF(BK54="","",$BL$37*(BK54^6)+$BL$38*(BK54^5)+$BL$39*(BK54^4)+$BL$40*(BK54^3)+$BL$41*(BK54^2)+$BL$42*(BK54^1)+$BL$43) -> 15.095561
A55: m\x^n | B55: 6 | C55: 5 | D55: 4 | E55: 3 | F55: 2 | G55: 1 | H55: 0 | N55: m\x^n | O55: 6 | P55: 5 | Q55: 4 | R55: 3 | S55: 2 | T55: 1 | U55: 0 | AA55: m\x^n | AB55: 6 | AC55: 5 | AD55: 4 | AE55: 3 | AF55: 2 | AG55: 1 | AH55: 0 | AN55: m\x^n | AO55: 6 | AP55: 5 | AQ55: 4 | AR55: 3 | AS55: 2 | AT55: 1 | AU55: 0 | BA55: m\x^n | BB55: 6 | BC55: 5 | BD55: 4 | BE55: 3 | BF55: 2 | BG55: 1 | BH55: 0
A56: 2 | B56: =B37 -> 0.0015733738 | C56: =B47 -> 3 | D56: =D47 -> 0.013527616 | E56: =E47 -> 0.039665776 | F56: =F47 -> 0.11630828 | G56: =G47 -> 0.34104 | H56: =H47 -> 1 | I56: =IF($B$4=7,MDETERM(B56:H62),IF($B$4=6,MDETERM(C56:H61),IF($B$4=5,MDETERM(D56:H60),IF($B$4=4,MDETERM(E56:H59),IF($B$4=3,MDETERM(F56:H58),"ERRO"))))) -> 3.7162357e-11 | K56: Montagem Curva | N56: 2 | O56: =O37 -> 729 | P56: =O47 -> 566.77141 | Q56: =Q47 -> 81 | R56: =R47 -> 27 | S56: =S47 -> 9 | T56: =T47 -> 3 | U56: =U47 -> 1 | V56: =IF($B$4=7,MDETERM(O56:U62),IF($B$4=6,MDETERM(P56:U61),IF($B$4=5,MDETERM(Q56:U60),IF($B$4=4,MDETERM(R56:U59),IF($B$4=3,MDETERM(S56:U58),"ERRO"))))) -> 14869196 | X56: Montagem Curva | AA56: 2 | AB56: =AB37 -> 0.0015733738 | AC56: =AB47 -> 66.1811 | AD56: =AD47 -> 0.013527616 | AE56: =AE47 -> 0.039665776 | AF56: =AF47 -> 0.11630828 | AG56: =AG47 -> 0.34104 | AH56: =AH47 -> 1 | AI56: =IF($B$4=7,MDETERM(AB56:AH62),IF($B$4=6,MDETERM(AC56:AH61),IF($B$4=5,MDETERM(AD56:AH60),IF($B$4=4,MDETERM(AE56:AH59),IF($B$4=3,MDETERM(AF56:AH58),"ERRO"))))) -> 1.797128e-09 | AK56: Montagem Curva | AN56: 2 | AO56: =AO37 -> 8.4024104e+10 | AP56: =AO47 -> 0.34104 | AQ56: =AQ47 -> 19183857 | AR56: =AR47 -> 289869.11 | AS56: =AS47 -> 4379.938 | AT56: =AT47 -> 66.1811 | AU56: =AU47 -> 1 | AV56: =IF($B$4=7,MDETERM(AO56:AU62),IF($B$4=6,MDETERM(AP56:AU61),IF($B$4=5,MDETERM(AQ56:AU60),IF($B$4=4,MDETERM(AR56:AU59),IF($B$4=3,MDETERM(AS56:AU58),"ERRO"))))) -> -3.832216e+19 | AX56: Montagem Curva | BA56: 2 | BB56: =BB37 -> 729 | BC56: =BB47 -> 8.5639466 | BD56: =BD47 -> 81 | BE56: =BE47 -> 27 | BF56: =BF47 -> 9 | BG56: =BG47 -> 3 | BH56: =BH47 -> 1 | BI56: =IF($B$4=7,MDETERM(BB56:BH62),IF($B$4=6,MDETERM(BC56:BH61),IF($B$4=5,MDETERM(BD56:BH60),IF($B$4=4,MDETERM(BE56:BH59),IF($B$4=3,MDETERM(BF56:BH58),"ERRO"))))) -> -26944547 | BK56: Montagem Curva
A57: 3 | B57: =B38 -> 0.0062119049 | C57: =B48 -> 4 | D57: =D48 -> 0.033792205 | E57: =E48 -> 0.078815639 | F57: =F48 -> 0.18382656 | G57: =G48 -> 0.42875 | H57: =H48 -> 1 | J57: 1 | K57: =SMALL(K48:K54,1) -> 0.34104 | L57: =IF(K57="","",$L$37*(K57^6)+$L$38*(K57^5)+$L$39*(K57^4)+$L$40*(K57^3)+$L$41*(K57^2)+$L$42*(K57^1)+$L$43) -> 3 | N57: 3 | O57: =O38 -> 4096 | P57: =O48 -> 453.2125 | Q57: =Q48 -> 256 | R57: =R48 -> 64 | S57: =S48 -> 16 | T57: =T48 -> 4 | U57: =U48 -> 1 | W57: 1 | X57: =SMALL(X48:X54,1) -> 3 | Y57: =IF(X57="","",$Y$37*(X57^6)+$Y$38*(X57^5)+$Y$39*(X57^4)+$Y$40*(X57^3)+$Y$41*(X57^2)+$Y$42*(X57^1)+$Y$43) -> 566.77141 | AA57: 3 | AB57: =AB38 -> 0.0062119049 | AC57: =AB48 -> 49.948 | AD57: =AD48 -> 0.033792205 | AE57: =AE48 -> 0.078815639 | AF57: =AF48 -> 0.18382656 | AG57: =AG48 -> 0.42875 | AH57: =AH48 -> 1 | AJ57: 1 | AK57: =SMALL(AK48:AK54,1) -> 0.34104 | AL57: =IF(AK57="","",$AL$37*(AK57^6)+$AL$38*(AK57^5)+$AL$39*(AK57^4)+$AL$40*(AK57^3)+$AL$41*(AK57^2)+$AL$42*(AK57^1)+$AL$43) -> 66.1811 | AN57: 3 | AO57: =AO38 -> 1.5527753e+10 | AP57: =AO48 -> 0.42875 | AQ57: =AQ48 -> 6224040.5 | AR57: =AR48 -> 124610.41 | AS57: =AS48 -> 2494.8027 | AT57: =AT48 -> 49.948 | AU57: =AU48 -> 1 | AW57: 1 | AX57: =SMALL(AX48:AX54,1) -> 14.9844 | AY57: =IF(AX57="","",$AY$37*(AX57^6)+$AY$38*(AX57^5)+$AY$39*(AX57^4)+$AY$40*(AX57^3)+$AY$41*(AX57^2)+$AY$42*(AX57^1)+$AY$43) -> 0.8771 | BA57: 3 | BB57: =BB38 -> 4096 | BC57: =BB48 -> 9.0736866 | BD57: =BD48 -> 256 | BE57: =BE48 -> 64 | BF57: =BF48 -> 16 | BG57: =BG48 -> 4 | BH57: =BH48 -> 1 | BJ57: 1 | BK57: =SMALL(BK48:BK54,1) -> 3 | BL57: =IF(BK57="","",$BL$37*(BK57^6)+$BL$38*(BK57^5)+$BL$39*(BK57^4)+$BL$40*(BK57^3)+$BL$41*(BK57^2)+$BL$42*(BK57^1)+$BL$43) -> 8.5639466
A58: 4 | B58: =B39 -> 0.016720708 | C58: =B49 -> 5 | D58: =D49 -> 0.065388761 | E58: =E49 -> 0.12930858 | F58: =F49 -> 0.25571226 | G58: =G49 -> 0.50568 | H58: =H49 -> 1 | J58: 2 | K58: =(($K$107-$K$57)/($J$107-1))+K57 -> 0.3517612 | L58: =IF(K58="","",$L$37*(K58^6)+$L$38*(K58^5)+$L$39*(K58^4)+$L$40*(K58^3)+$L$41*(K58^2)+$L$42*(K58^1)+$L$43) -> 3.0403787 | N58: 4 | O58: =O39 -> 15625 | P58: =O49 -> 378.18911 | Q58: =Q49 -> 625 | R58: =R49 -> 125 | S58: =S49 -> 25 | T58: =T49 -> 5 | U58: =U49 -> 1 | W58: 2 | X58: =(($X$107-$X$57)/($W$107-1))+X57 -> 3.12 | Y58: =IF(X58="","",$Y$37*(X58^6)+$Y$38*(X58^5)+$Y$39*(X58^4)+$Y$40*(X58^3)+$Y$41*(X58^2)+$Y$42*(X58^1)+$Y$43) -> 549.88461 | AA58: 4 | AB58: =AB39 -> 0.016720708 | AC58: =AB49 -> 44.9532 | AD58: =AD49 -> 0.065388761 | AE58: =AE49 -> 0.12930858 | AF58: =AF49 -> 0.25571226 | AG58: =AG49 -> 0.50568 | AH58: =AH49 -> 1 | AJ58: 2 | AK58: =(($AK$107-$AK$57)/($AJ$107-1))+AK57 -> 0.3517612 | AL58: =IF(AK58="","",$AL$37*(AK58^6)+$AL$38*(AK58^5)+$AL$39*(AK58^4)+$AL$40*(AK58^3)+$AL$41*(AK58^2)+$AL$42*(AK58^1)+$AL$43) -> 59.989536 | AN58: 4 | AO58: =AO39 -> 8.2520847e+09 | AP58: =AO49 -> 0.50568 | AQ58: =AQ49 -> 4083593 | AR58: =AR49 -> 90840.986 | AS58: =AS49 -> 2020.7902 | AT58: =AT49 -> 44.9532 | AU58: =AU49 -> 1 | AW58: 2 | AX58: =(($AX$107-$AX$57)/($AW$107-1))+AX57 -> 16.008334 | AY58: =IF(AX58="","",$AY$37*(AX58^6)+$AY$38*(AX58^5)+$AY$39*(AX58^4)+$AY$40*(AX58^3)+$AY$41*(AX58^2)+$AY$42*(AX58^1)+$AY$43) -> 0.86750078 | AZ58: =AY58-AY57 -> -0.0095992171 | BA58: 4 | BB58: =BB39 -> 15625 | BC58: =BB49 -> 8.412952 | BD58: =BD49 -> 625 | BE58: =BE49 -> 125 | BF58: =BF49 -> 25 | BG58: =BG49 -> 5 | BH58: =BH49 -> 1 | BJ58: 2 | BK58: =(($BK$107-$BK$57)/($BJ$107-1))+BK57 -> 3.12 | BL58: =IF(BK58="","",$BL$37*(BK58^6)+$BL$38*(BK58^5)+$BL$39*(BK58^4)+$BL$40*(BK58^3)+$BL$41*(BK58^2)+$BL$42*(BK58^1)+$BL$43) -> 9.6081904
A59: 5 | B59: =B40 -> 0.046772762 | C59: =B50 -> 6 | D59: =D50 -> 0.12981614 | E59: =E50 -> 0.21627011 | F59: =F50 -> 0.36030006 | G59: =G50 -> 0.60025 | H59: =H50 -> 1 | J59: 3 | K59: =(($K$107-$K$57)/($J$107-1))+K58 -> 0.3624824 | L59: =IF(K59="","",$L$37*(K59^6)+$L$38*(K59^5)+$L$39*(K59^4)+$L$40*(K59^3)+$L$41*(K59^2)+$L$42*(K59^1)+$L$43) -> 3.1198943 | N59: 5 | O59: =O40 -> 46656 | P59: =O50 -> 323.72321 | Q59: =Q50 -> 1296 | R59: =R50 -> 216 | S59: =S50 -> 36 | T59: =T50 -> 6 | U59: =U50 -> 1 | W59: 3 | X59: =(($X$107-$X$57)/($W$107-1))+X58 -> 3.24 | Y59: =IF(X59="","",$Y$37*(X59^6)+$Y$38*(X59^5)+$Y$39*(X59^4)+$Y$40*(X59^3)+$Y$41*(X59^2)+$Y$42*(X59^1)+$Y$43) -> 534.08765 | AA59: 5 | AB59: =AB40 -> 0.046772762 | AC59: =AB50 -> 30.855377 | AD59: =AD50 -> 0.12981614 | AE59: =AE50 -> 0.21627011 | AF59: =AF50 -> 0.36030006 | AG59: =AG50 -> 0.60025 | AH59: =AH50 -> 1 | AJ59: 3 | AK59: =(($AK$107-$AK$57)/($AJ$107-1))+AK58 -> 0.3624824 | AL59: =IF(AK59="","",$AL$37*(AK59^6)+$AL$38*(AK59^5)+$AL$39*(AK59^4)+$AL$40*(AK59^3)+$AL$41*(AK59^2)+$AL$42*(AK59^1)+$AL$43) -> 55.763558 | AN59: 5 | AO59: =AO40 -> 8.6294903e+08 | AP59: =AO50 -> 0.60025 | AQ59: =AQ50 -> 906407.37 | AR59: =AR50 -> 29375.994 | AS59: =AS50 -> 952.05429 | AT59: =AT50 -> 30.855377 | AU59: =AU50 -> 1 | AW59: 3 | AX59: =(($AX$107-$AX$57)/($AW$107-1))+AX58 -> 17.032268 | AY59: =IF(AX59="","",$AY$37*(AX59^6)+$AY$38*(AX59^5)+$AY$39*(AX59^4)+$AY$40*(AX59^3)+$AY$41*(AX59^2)+$AY$42*(AX59^1)+$AY$43) -> 0.85587651 | AZ59: =AY59-AY58 -> -0.011624277 | BA59: 5 | BB59: =BB40 -> 46656 | BC59: =BB50 -> 10.49163 | BD59: =BD50 -> 1296 | BE59: =BE50 -> 216 | BF59: =BF50 -> 36 | BG59: =BG50 -> 6 | BH59: =BH50 -> 1 | BJ59: 3 | BK59: =(($BK$107-$BK$57)/($BJ$107-1))+BK58 -> 3.24 | BL59: =IF(BK59="","",$BL$37*(BK59^6)+$BL$38*(BK59^5)+$BL$39*(BK59^4)+$BL$40*(BK59^3)+$BL$41*(BK59^2)+$BL$42*(BK59^1)+$BL$43) -> 10.189446
A60: 6 | B60: =B41 -> 0.10244458 | C60: =B51 -> 7 | D60: =D51 -> 0.21894044 | E60: =E51 -> 0.32006965 | F60: =F51 -> 0.46791072 | G60: =G51 -> 0.68404 | H60: =H51 -> 1 | J60: 4 | K60: =(($K$107-$K$57)/($J$107-1))+K59 -> 0.3732036 | L60: =IF(K60="","",$L$37*(K60^6)+$L$38*(K60^5)+$L$39*(K60^4)+$L$40*(K60^3)+$L$41*(K60^2)+$L$42*(K60^1)+$L$43) -> 3.2288048 | N60: 6 | O60: =O41 -> 117649 | P60: =O51 -> 283.32174 | Q60: =Q51 -> 2401 | R60: =R51 -> 343 | S60: =S51 -> 49 | T60: =T51 -> 7 | U60: =U51 -> 1 | W60: 4 | X60: =(($X$107-$X$57)/($W$107-1))+X59 -> 3.36 | Y60: =IF(X60="","",$Y$37*(X60^6)+$Y$38*(X60^5)+$Y$39*(X60^4)+$Y$40*(X60^3)+$Y$41*(X60^2)+$Y$42*(X60^1)+$Y$43) -> 519.27125 | AA60: 6 | AB60: =AB41 -> 0.10244458 | AC60: =AB51 -> 26.2227 | AD60: =AD51 -> 0.21894044 | AE60: =AE51 -> 0.32006965 | AF60: =AF51 -> 0.46791072 | AG60: =AG51 -> 0.68404 | AH60: =AH51 -> 1 | AJ60: 4 | AK60: =(($AK$107-$AK$57)/($AJ$107-1))+AK59 -> 0.3732036 | AL60: =IF(AK60="","",$AL$37*(AK60^6)+$AL$38*(AK60^5)+$AL$39*(AK60^4)+$AL$40*(AK60^3)+$AL$41*(AK60^2)+$AL$42*(AK60^1)+$AL$43) -> 53.030393 | AN60: 6 | AO60: =AO41 -> 3.2513554e+08 | AP60: =AO51 -> 0.68404 | AQ60: =AQ51 -> 472835.01 | AR60: =AR51 -> 18031.515 | AS60: =AS51 -> 687.63 | AT60: =AT51 -> 26.2227 | AU60: =AU51 -> 1 | AW60: 4 | AX60: =(($AX$107-$AX$57)/($AW$107-1))+AX59 -> 18.056202 | AY60: =IF(AX60="","",$AY$37*(AX60^6)+$AY$38*(AX60^5)+$AY$39*(AX60^4)+$AY$40*(AX60^3)+$AY$41*(AX60^2)+$AY$42*(AX60^1)+$AY$43) -> 0.84216793 | AZ60: =AY60-AY59 -> -0.013708578 | BA60: 6 | BB60: =BB41 -> 117649 | BC60: =BB51 -> 10.804446 | BD60: =BD51 -> 2401 | BE60: =BE51 -> 343 | BF60: =BF51 -> 49 | BG60: =BG51 -> 7 | BH60: =BH51 -> 1 | BJ60: 4 | BK60: =(($BK$107-$BK$57)/($BJ$107-1))+BK59 -> 3.36 | BL60: =IF(BK60="","",$BL$37*(BK60^6)+$BL$38*(BK60^5)+$BL$39*(BK60^4)+$BL$40*(BK60^3)+$BL$41*(BK60^2)+$BL$42*(BK60^1)+$BL$43) -> 10.421018
A61: 7 | B61: =B42 -> 0.2112807 | C61: =B52 -> 8 | D61: =D52 -> 0.35473705 | E61: =E52 -> 0.4596528 | F61: =F52 -> 0.59559806 | G61: =G52 -> 0.77175 | H61: =H52 -> 1 | J61: 5 | K61: =(($K$107-$K$57)/($J$107-1))+K60 -> 0.3839248 | L61: =IF(K61="","",$L$37*(K61^6)+$L$38*(K61^5)+$L$39*(K61^4)+$L$40*(K61^3)+$L$41*(K61^2)+$L$42*(K61^1)+$L$43) -> 3.3588817 | N61: 7 | O61: =O42 -> 262144 | P61: =O52 -> 251.78472 | Q61: =Q52 -> 4096 | R61: =R52 -> 512 | S61: =S52 -> 64 | T61: =T52 -> 8 | U61: =U52 -> 1 | W61: 5 | X61: =(($X$107-$X$57)/($W$107-1))+X60 -> 3.48 | Y61: =IF(X61="","",$Y$37*(X61^6)+$Y$38*(X61^5)+$Y$39*(X61^4)+$Y$40*(X61^3)+$Y$41*(X61^2)+$Y$42*(X61^1)+$Y$43) -> 505.33747 | AA61: 7 | AB61: =AB42 -> 0.2112807 | AC61: =AB52 -> 22.039555 | AD61: =AD52 -> 0.35473705 | AE61: =AE52 -> 0.4596528 | AF61: =AF52 -> 0.59559806 | AG61: =AG52 -> 0.77175 | AH61: =AH52 -> 1 | AJ61: 5 | AK61: =(($AK$107-$AK$57)/($AJ$107-1))+AK60 -> 0.3839248 | AL61: =IF(AK61="","",$AL$37*(AK61^6)+$AL$38*(AK61^5)+$AL$39*(AK61^4)+$AL$40*(AK61^3)+$AL$41*(AK61^2)+$AL$42*(AK61^1)+$AL$43) -> 51.390362 | AN61: 7 | AO61: =AO42 -> 1.1460853e+08 | AP61: =AO52 -> 0.77175 | AQ61: =AQ52 -> 235945.28 | AR61: =AR52 -> 10705.537 | AS61: =AS52 -> 485.74198 | AT61: =AT52 -> 22.039555 | AU61: =AU52 -> 1 | AW61: 5 | AX61: =(($AX$107-$AX$57)/($AW$107-1))+AX60 -> 19.080136 | AY61: =IF(AX61="","",$AY$37*(AX61^6)+$AY$38*(AX61^5)+$AY$39*(AX61^4)+$AY$40*(AX61^3)+$AY$41*(AX61^2)+$AY$42*(AX61^1)+$AY$43) -> 0.8264498 | AZ61: =AY61-AY60 -> -0.015718128 | BA61: 7 | BB61: =BB42 -> 262144 | BC61: =BB52 -> 11.42422 | BD61: =BD52 -> 4096 | BE61: =BE52 -> 512 | BF61: =BF52 -> 64 | BG61: =BG52 -> 8 | BH61: =BH52 -> 1 | BJ61: 5 | BK61: =(($BK$107-$BK$57)/($BJ$107-1))+BK60 -> 3.48 | BL61: =IF(BK61="","",$BL$37*(BK61^6)+$BL$38*(BK61^5)+$BL$39*(BK61^4)+$BL$40*(BK61^3)+$BL$41*(BK61^2)+$BL$42*(BK61^1)+$BL$43) -> 10.399181
A62: 8 | B62: =B43 -> 0.45529687 | C62: =B53 -> 9 | D62: =D53 -> 0.59182928 | E62: =E53 -> 0.6747569 | F62: =F53 -> 0.76930441 | G62: =G53 -> 0.8771 | H62: =H53 -> 1 | J62: 6 | K62: =(($K$107-$K$57)/($J$107-1))+K61 -> 0.394646 | L62: =IF(K62="","",$L$37*(K62^6)+$L$38*(K62^5)+$L$39*(K62^4)+$L$40*(K62^3)+$L$41*(K62^2)+$L$42*(K62^1)+$L$43) -> 3.5032696 | N62: 8 | O62: =O43 -> 531441 | P62: =O53 -> 226.19792 | Q62: =Q53 -> 6561 | R62: =R53 -> 729 | S62: =S53 -> 81 | T62: =T53 -> 9 | U62: =U53 -> 1 | W62: 6 | X62: =(($X$107-$X$57)/($W$107-1))+X61 -> 3.6 | Y62: =IF(X62="","",$Y$37*(X62^6)+$Y$38*(X62^5)+$Y$39*(X62^4)+$Y$40*(X62^3)+$Y$41*(X62^2)+$Y$42*(X62^1)+$Y$43) -> 492.19887 | AA62: 8 | AB62: =AB43 -> 0.45529687 | AC62: =AB53 -> 14.9844 | AD62: =AD53 -> 0.59182928 | AE62: =AE53 -> 0.6747569 | AF62: =AF53 -> 0.76930441 | AG62: =AG53 -> 0.8771 | AH62: =AH53 -> 1 | AJ62: 6 | AK62: =(($AK$107-$AK$57)/($AJ$107-1))+AK61 -> 0.394646 | AL62: =IF(AK62="","",$AL$37*(AK62^6)+$AL$38*(AK62^5)+$AL$39*(AK62^4)+$AL$40*(AK62^3)+$AL$41*(AK62^2)+$AL$42*(AK62^1)+$AL$43) -> 50.510098 | AN62: 8 | AO62: =AO43 -> 11319732 | AP62: =AO53 -> 0.8771 | AQ62: =AQ53 -> 50414.728 | AR62: =AR53 -> 3364.4809 | AS62: =AS53 -> 224.53224 | AT62: =AT53 -> 14.9844 | AU62: =AU53 -> 1 | AW62: 6 | AX62: =(($AX$107-$AX$57)/($AW$107-1))+AX61 -> 20.10407 | AY62: =IF(AX62="","",$AY$37*(AX62^6)+$AY$38*(AX62^5)+$AY$39*(AX62^4)+$AY$40*(AX62^3)+$AY$41*(AX62^2)+$AY$42*(AX62^1)+$AY$43) -> 0.80890525 | AZ62: =AY62-AY61 -> -0.017544549 | BA62: 8 | BB62: =BB43 -> 531441 | BC62: =BB53 -> 15.09556 | BD62: =BD53 -> 6561 | BE62: =BE53 -> 729 | BF62: =BF53 -> 81 | BG62: =BG53 -> 9 | BH62: =BH53 -> 1 | BJ62: 6 | BK62: =(($BK$107-$BK$57)/($BJ$107-1))+BK61 -> 3.6 | BL62: =IF(BK62="","",$BL$37*(BK62^6)+$BL$38*(BK62^5)+$BL$39*(BK62^4)+$BL$40*(BK62^3)+$BL$41*(BK62^2)+$BL$42*(BK62^1)+$BL$43) -> 10.204693
J63: 7 | K63: =(($K$107-$K$57)/($J$107-1))+K62 -> 0.4053672 | L63: =IF(K63="","",$L$37*(K63^6)+$L$38*(K63^5)+$L$39*(K63^4)+$L$40*(K63^3)+$L$41*(K63^2)+$L$42*(K63^1)+$L$43) -> 3.6563518 | W63: 7 | X63: =(($X$107-$X$57)/($W$107-1))+X62 -> 3.72 | Y63: =IF(X63="","",$Y$37*(X63^6)+$Y$38*(X63^5)+$Y$39*(X63^4)+$Y$40*(X63^3)+$Y$41*(X63^2)+$Y$42*(X63^1)+$Y$43) -> 479.77766 | AJ63: 7 | AK63: =(($AK$107-$AK$57)/($AJ$107-1))+AK62 -> 0.4053672 | AL63: =IF(AK63="","",$AL$37*(AK63^6)+$AL$38*(AK63^5)+$AL$39*(AK63^4)+$AL$40*(AK63^3)+$AL$41*(AK63^2)+$AL$42*(AK63^1)+$AL$43) -> 50.11606 | AW63: 7 | AX63: =(($AX$107-$AX$57)/($AW$107-1))+AX62 -> 21.128004 | AY63: =IF(AX63="","",$AY$37*(AX63^6)+$AY$38*(AX63^5)+$AY$39*(AX63^4)+$AY$40*(AX63^3)+$AY$41*(AX63^2)+$AY$42*(AX63^1)+$AY$43) -> 0.78980188 | AZ63: =AY63-AY62 -> -0.019103372 | BJ63: 7 | BK63: =(($BK$107-$BK$57)/($BJ$107-1))+BK62 -> 3.72 | BL63: =IF(BK63="","",$BL$37*(BK63^6)+$BL$38*(BK63^5)+$BL$39*(BK63^4)+$BL$40*(BK63^3)+$BL$41*(BK63^2)+$BL$42*(BK63^1)+$BL$43) -> 9.9042583
A64: m\x^n | B64: 6 | C64: 5 | D64: 4 | E64: 3 | F64: 2 | G64: 1 | H64: 0 | J64: 8 | K64: =(($K$107-$K$57)/($J$107-1))+K63 -> 0.4160884 | L64: =IF(K64="","",$L$37*(K64^6)+$L$38*(K64^5)+$L$39*(K64^4)+$L$40*(K64^3)+$L$41*(K64^2)+$L$42*(K64^1)+$L$43) -> 3.813622 | N64: m\x^n | O64: 6 | P64: 5 | Q64: 4 | R64: 3 | S64: 2 | T64: 1 | U64: 0 | W64: 8 | X64: =(($X$107-$X$57)/($W$107-1))+X63 -> 3.84 | Y64: =IF(X64="","",$Y$37*(X64^6)+$Y$38*(X64^5)+$Y$39*(X64^4)+$Y$40*(X64^3)+$Y$41*(X64^2)+$Y$42*(X64^1)+$Y$43) -> 468.0049 | AA64: m\x^n | AB64: 6 | AC64: 5 | AD64: 4 | AE64: 3 | AF64: 2 | AG64: 1 | AH64: 0 | AJ64: 8 | AK64: =(($AK$107-$AK$57)/($AJ$107-1))+AK63 -> 0.4160884 | AL64: =IF(AK64="","",$AL$37*(AK64^6)+$AL$38*(AK64^5)+$AL$39*(AK64^4)+$AL$40*(AK64^3)+$AL$41*(AK64^2)+$AL$42*(AK64^1)+$AL$43) -> 49.988335 | AN64: m\x^n | AO64: 6 | AP64: 5 | AQ64: 4 | AR64: 3 | AS64: 2 | AT64: 1 | AU64: 0 | AW64: 8 | AX64: =(($AX$107-$AX$57)/($AW$107-1))+AX63 -> 22.151938 | AY64: =IF(AX64="","",$AY$37*(AX64^6)+$AY$38*(AX64^5)+$AY$39*(AX64^4)+$AY$40*(AX64^3)+$AY$41*(AX64^2)+$AY$42*(AX64^1)+$AY$43) -> 0.76946954 | AZ64: =AY64-AY63 -> -0.020332341 | BA64: m\x^n | BB64: 6 | BC64: 5 | BD64: 4 | BE64: 3 | BF64: 2 | BG64: 1 | BH64: 0 | BJ64: 8 | BK64: =(($BK$107-$BK$57)/($BJ$107-1))+BK63 -> 3.84 | BL64: =IF(BK64="","",$BL$37*(BK64^6)+$BL$38*(BK64^5)+$BL$39*(BK64^4)+$BL$40*(BK64^3)+$BL$41*(BK64^2)+$BL$42*(BK64^1)+$BL$43) -> 9.5519104
A65: 2 | B65: =B56 -> 0.0015733738 | C65: =C47 -> 0.0046134583 | D65: =C56 -> 3 | E65: =E56 -> 0.039665776 | F65: =F56 -> 0.11630828 | G65: =G56 -> 0.34104 | H65: =H56 -> 1 | I65: =IF($B$4=7,MDETERM(B65:H71),IF($B$4=6,MDETERM(C65:H70),IF($B$4=5,MDETERM(D65:H69),IF($B$4=4,MDETERM(E65:H68),IF($B$4=3,MDETERM(F65:H67),"ERRO"))))) -> -5.6235934e-11 | J65: 9 | K65: =(($K$107-$K$57)/($J$107-1))+K64 -> 0.4268096 | L65: =IF(K65="","",$L$37*(K65^6)+$L$38*(K65^5)+$L$39*(K65^4)+$L$40*(K65^3)+$L$41*(K65^2)+$L$42*(K65^1)+$L$43) -> 3.9715617 | N65: 2 | O65: =O56 -> 729 | P65: =P47 -> 243 | Q65: =P56 -> 566.77141 | R65: =R56 -> 27 | S65: =S56 -> 9 | T65: =T56 -> 3 | U65: =U56 -> 1 | V65: =IF($B$4=7,MDETERM(O65:U71),IF($B$4=6,MDETERM(P65:U70),IF($B$4=5,MDETERM(Q65:U69),IF($B$4=4,MDETERM(R65:U68),IF($B$4=3,MDETERM(S65:U67),"ERRO"))))) -> -2.3675254e+08 | W65: 9 | X65: =(($X$107-$X$57)/($W$107-1))+X64 -> 3.96 | Y65: =IF(X65="","",$Y$37*(X65^6)+$Y$38*(X65^5)+$Y$39*(X65^4)+$Y$40*(X65^3)+$Y$41*(X65^2)+$Y$42*(X65^1)+$Y$43) -> 456.81975 | AA65: 2 | AB65: =AB56 -> 0.0015733738 | AC65: =AC47 -> 0.0046134583 | AD65: =AC56 -> 66.1811 | AE65: =AE56 -> 0.039665776 | AF65: =AF56 -> 0.11630828 | AG65: =AG56 -> 0.34104 | AH65: =AH56 -> 1 | AI65: =IF($B$4=7,MDETERM(AB65:AH71),IF($B$4=6,MDETERM(AC65:AH70),IF($B$4=5,MDETERM(AD65:AH69),IF($B$4=4,MDETERM(AE65:AH68),IF($B$4=3,MDETERM(AF65:AH67),"ERRO"))))) -> -2.7177288e-09 | AJ65: 9 | AK65: =(($AK$107-$AK$57)/($AJ$107-1))+AK64 -> 0.4268096 | AL65: =IF(AK65="","",$AL$37*(AK65^6)+$AL$38*(AK65^5)+$AL$39*(AK65^4)+$AL$40*(AK65^3)+$AL$41*(AK65^2)+$AL$42*(AK65^1)+$AL$43) -> 49.954741 | AN65: 2 | AO65: =AO56 -> 8.4024104e+10 | AP65: =AP47 -> 1.2696087e+09 | AQ65: =AP56 -> 0.34104 | AR65: =AR56 -> 289869.11 | AS65: =AS56 -> 4379.938 | AT65: =AT56 -> 66.1811 | AU65: =AU56 -> 1 | AV65: =IF($B$4=7,MDETERM(AO65:AU71),IF($B$4=6,MDETERM(AP65:AU70),IF($B$4=5,MDETERM(AQ65:AU69),IF($B$4=4,MDETERM(AR65:AU68),IF($B$4=3,MDETERM(AS65:AU67),"ERRO"))))) -> 2.9004226e+21 | AW65: 9 | AX65: =(($AX$107-$AX$57)/($AW$107-1))+AX64 -> 23.175872 | AY65: =IF(AX65="","",$AY$37*(AX65^6)+$AY$38*(AX65^5)+$AY$39*(AX65^4)+$AY$40*(AX65^3)+$AY$41*(AX65^2)+$AY$42*(AX65^1)+$AY$43) -> 0.74827982 | AZ65: =AY65-AY64 -> -0.021189717 | BA65: 2 | BB65: =BB56 -> 729 | BC65: =BC47 -> 243 | BD65: =BC56 -> 8.5639466 | BE65: =BE56 -> 27 | BF65: =BF56 -> 9 | BG65: =BG56 -> 3 | BH65: =BH56 -> 1 | BI65: =IF($B$4=7,MDETERM(BB65:BH71),IF($B$4=6,MDETERM(BC65:BH70),IF($B$4=5,MDETERM(BD65:BH69),IF($B$4=4,MDETERM(BE65:BH68),IF($B$4=3,MDETERM(BF65:BH67),"ERRO"))))) -> 4.0786862e+08 | BJ65: 9 | BK65: =(($BK$107-$BK$57)/($BJ$107-1))+BK64 -> 3.96 | BL65: =IF(BK65="","",$BL$37*(BK65^6)+$BL$38*(BK65^5)+$BL$39*(BK65^4)+$BL$40*(BK65^3)+$BL$41*(BK65^2)+$BL$42*(BK65^1)+$BL$43) -> 9.1903485
A66: 3 | B66: =B57 -> 0.0062119049 | C66: =C48 -> 0.014488408 | D66: =C57 -> 4 | E66: =E57 -> 0.078815639 | F66: =F57 -> 0.18382656 | G66: =G57 -> 0.42875 | H66: =H57 -> 1 | J66: 10 | K66: =(($K$107-$K$57)/($J$107-1))+K65 -> 0.4375308 | L66: =IF(K66="","",$L$37*(K66^6)+$L$38*(K66^5)+$L$39*(K66^4)+$L$40*(K66^3)+$L$41*(K66^2)+$L$42*(K66^1)+$L$43) -> 4.1275243 | N66: 3 | O66: =O57 -> 4096 | P66: =P48 -> 1024 | Q66: =P57 -> 453.2125 | R66: =R57 -> 64 | S66: =S57 -> 16 | T66: =T57 -> 4 | U66: =U57 -> 1 | W66: 10 | X66: =(($X$107-$X$57)/($W$107-1))+X65 -> 4.08 | Y66: =IF(X66="","",$Y$37*(X66^6)+$Y$38*(X66^5)+$Y$39*(X66^4)+$Y$40*(X66^3)+$Y$41*(X66^2)+$Y$42*(X66^1)+$Y$43) -> 446.16871 | AA66: 3 | AB66: =AB57 -> 0.0062119049 | AC66: =AC48 -> 0.014488408 | AD66: =AC57 -> 49.948 | AE66: =AE57 -> 0.078815639 | AF66: =AF57 -> 0.18382656 | AG66: =AG57 -> 0.42875 | AH66: =AH57 -> 1 | AJ66: 10 | AK66: =(($AK$107-$AK$57)/($AJ$107-1))+AK65 -> 0.4375308 | AL66: =IF(AK66="","",$AL$37*(AK66^6)+$AL$38*(AK66^5)+$AL$39*(AK66^4)+$AL$40*(AK66^3)+$AL$41*(AK66^2)+$AL$42*(AK66^1)+$AL$43) -> 49.885212 | AN66: 3 | AO66: =AO57 -> 1.5527753e+10 | AP66: =AP48 -> 3.1087838e+08 | AQ66: =AP57 -> 0.42875 | AR66: =AR57 -> 124610.41 | AS66: =AS57 -> 2494.8027 | AT66: =AT57 -> 49.948 | AU66: =AU57 -> 1 | AW66: 10 | AX66: =(($AX$107-$AX$57)/($AW$107-1))+AX65 -> 24.199806 | AY66: =IF(AX66="","",$AY$37*(AX66^6)+$AY$38*(AX66^5)+$AY$39*(AX66^4)+$AY$40*(AX66^3)+$AY$41*(AX66^2)+$AY$42*(AX66^1)+$AY$43) -> 0.72662725 | AZ66: =AY66-AY65 -> -0.021652575 | BA66: 3 | BB66: =BB57 -> 4096 | BC66: =BC48 -> 1024 | BD66: =BC57 -> 9.0736866 | BE66: =BE57 -> 64 | BF66: =BF57 -> 16 | BG66: =BG57 -> 4 | BH66: =BH57 -> 1 | BJ66: 10 | BK66: =(($BK$107-$BK$57)/($BJ$107-1))+BK65 -> 4.08 | BL66: =IF(BK66="","",$BL$37*(BK66^6)+$BL$38*(BK66^5)+$BL$39*(BK66^4)+$BL$40*(BK66^3)+$BL$41*(BK66^2)+$BL$42*(BK66^1)+$BL$43) -> 8.8522026
A67: 4 | B67: =B58 -> 0.016720708 | C67: =C49 -> 0.033065789 | D67: =C58 -> 5 | E67: =E58 -> 0.12930858 | F67: =F58 -> 0.25571226 | G67: =G58 -> 0.50568 | H67: =H58 -> 1 | J67: 11 | K67: =(($K$107-$K$57)/($J$107-1))+K66 -> 0.448252 | L67: =IF(K67="","",$L$37*(K67^6)+$L$38*(K67^5)+$L$39*(K67^4)+$L$40*(K67^3)+$L$41*(K67^2)+$L$42*(K67^1)+$L$43) -> 4.2796242 | N67: 4 | O67: =O58 -> 15625 | P67: =P49 -> 3125 | Q67: =P58 -> 378.18911 | R67: =R58 -> 125 | S67: =S58 -> 25 | T67: =T58 -> 5 | U67: =U58 -> 1 | W67: 11 | X67: =(($X$107-$X$57)/($W$107-1))+X66 -> 4.2 | Y67: =IF(X67="","",$Y$37*(X67^6)+$Y$38*(X67^5)+$Y$39*(X67^4)+$Y$40*(X67^3)+$Y$41*(X67^2)+$Y$42*(X67^1)+$Y$43) -> 436.00497 | AA67: 4 | AB67: =AB58 -> 0.016720708 | AC67: =AC49 -> 0.033065789 | AD67: =AC58 -> 44.9532 | AE67: =AE58 -> 0.12930858 | AF67: =AF58 -> 0.25571226 | AG67: =AG58 -> 0.50568 | AH67: =AH58 -> 1 | AJ67: 11 | AK67: =(($AK$107-$AK$57)/($AJ$107-1))+AK66 -> 0.448252 | AL67: =IF(AK67="","",$AL$37*(AK67^6)+$AL$38*(AK67^5)+$AL$39*(AK67^4)+$AL$40*(AK67^3)+$AL$41*(AK67^2)+$AL$42*(AK67^1)+$AL$43) -> 49.686484 | AN67: 4 | AO67: =AO58 -> 8.2520847e+09 | AP67: =AP49 -> 1.8357057e+08 | AQ67: =AP58 -> 0.50568 | AR67: =AR58 -> 90840.986 | AS67: =AS58 -> 2020.7902 | AT67: =AT58 -> 44.9532 | AU67: =AU58 -> 1 | AW67: 11 | AX67: =(($AX$107-$AX$57)/($AW$107-1))+AX66 -> 25.22374 | AY67: =IF(AX67="","",$AY$37*(AX67^6)+$AY$38*(AX67^5)+$AY$39*(AX67^4)+$AY$40*(AX67^3)+$AY$41*(AX67^2)+$AY$42*(AX67^1)+$AY$43) -> 0.70491214 | AZ67: =AY67-AY66 -> -0.021715107 | BA67: 4 | BB67: =BB58 -> 15625 | BC67: =BC49 -> 3125 | BD67: =BC58 -> 8.412952 | BE67: =BE58 -> 125 | BF67: =BF58 -> 25 | BG67: =BG58 -> 5 | BH67: =BH58 -> 1 | BJ67: 11 | BK67: =(($BK$107-$BK$57)/($BJ$107-1))+BK66 -> 4.2 | BL67: =IF(BK67="","",$BL$37*(BK67^6)+$BL$38*(BK67^5)+$BL$39*(BK67^4)+$BL$40*(BK67^3)+$BL$41*(BK67^2)+$BL$42*(BK67^1)+$BL$43) -> 8.561239
A68: 5 | B68: =B59 -> 0.046772762 | C68: =C50 -> 0.077922135 | D68: =C59 -> 6 | E68: =E59 -> 0.21627011 | F68: =F59 -> 0.36030006 | G68: =G59 -> 0.60025 | H68: =H59 -> 1 | J68: 12 | K68: =(($K$107-$K$57)/($J$107-1))+K67 -> 0.4589732 | L68: =IF(K68="","",$L$37*(K68^6)+$L$38*(K68^5)+$L$39*(K68^4)+$L$40*(K68^3)+$L$41*(K68^2)+$L$42*(K68^1)+$L$43) -> 4.4266336 | N68: 5 | O68: =O59 -> 46656 | P68: =P50 -> 7776 | Q68: =P59 -> 323.72321 | R68: =R59 -> 216 | S68: =S59 -> 36 | T68: =T59 -> 6 | U68: =U59 -> 1 | W68: 12 | X68: =(($X$107-$X$57)/($W$107-1))+X67 -> 4.32 | Y68: =IF(X68="","",$Y$37*(X68^6)+$Y$38*(X68^5)+$Y$39*(X68^4)+$Y$40*(X68^3)+$Y$41*(X68^2)+$Y$42*(X68^1)+$Y$43) -> 426.28768 | AA68: 5 | AB68: =AB59 -> 0.046772762 | AC68: =AC50 -> 0.077922135 | AD68: =AC59 -> 30.855377 | AE68: =AE59 -> 0.21627011 | AF68: =AF59 -> 0.36030006 | AG68: =AG59 -> 0.60025 | AH68: =AH59 -> 1 | AJ68: 12 | AK68: =(($AK$107-$AK$57)/($AJ$107-1))+AK67 -> 0.4589732 | AL68: =IF(AK68="","",$AL$37*(AK68^6)+$AL$38*(AK68^5)+$AL$39*(AK68^4)+$AL$40*(AK68^3)+$AL$41*(AK68^2)+$AL$42*(AK68^1)+$AL$43) -> 49.297068 | AN68: 5 | AO68: =AO59 -> 8.6294903e+08 | AP68: =AP50 -> 27967541 | AQ68: =AP59 -> 0.60025 | AR68: =AR59 -> 29375.994 | AS68: =AS59 -> 952.05429 | AT68: =AT59 -> 30.855377 | AU68: =AU59 -> 1 | AW68: 12 | AX68: =(($AX$107-$AX$57)/($AW$107-1))+AX67 -> 26.247674 | AY68: =IF(AX68="","",$AY$37*(AX68^6)+$AY$38*(AX68^5)+$AY$39*(AX68^4)+$AY$40*(AX68^3)+$AY$41*(AX68^2)+$AY$42*(AX68^1)+$AY$43) -> 0.68352521 | AZ68: =AY68-AY67 -> -0.021386927 | BA68: 5 | BB68: =BB59 -> 46656 | BC68: =BC50 -> 7776 | BD68: =BC59 -> 10.49163 | BE68: =BE59 -> 216 | BF68: =BF59 -> 36 | BG68: =BG59 -> 6 | BH68: =BH59 -> 1 | BJ68: 12 | BK68: =(($BK$107-$BK$57)/($BJ$107-1))+BK67 -> 4.32 | BL68: =IF(BK68="","",$BL$37*(BK68^6)+$BL$38*(BK68^5)+$BL$39*(BK68^4)+$BL$40*(BK68^3)+$BL$41*(BK68^2)+$BL$42*(BK68^1)+$BL$43) -> 8.333503
A69: 6 | B69: =B60 -> 0.10244458 | C69: =C51 -> 0.14976402 | D69: =C60 -> 7 | E69: =E60 -> 0.32006965 | F69: =F60 -> 0.46791072 | G69: =G60 -> 0.68404 | H69: =H60 -> 1 | J69: 13 | K69: =(($K$107-$K$57)/($J$107-1))+K68 -> 0.4696944 | L69: =IF(K69="","",$L$37*(K69^6)+$L$38*(K69^5)+$L$39*(K69^4)+$L$40*(K69^3)+$L$41*(K69^2)+$L$42*(K69^1)+$L$43) -> 4.5678833 | N69: 6 | O69: =O60 -> 117649 | P69: =P51 -> 16807 | Q69: =P60 -> 283.32174 | R69: =R60 -> 343 | S69: =S60 -> 49 | T69: =T60 -> 7 | U69: =U60 -> 1 | W69: 13 | X69: =(($X$107-$X$57)/($W$107-1))+X68 -> 4.44 | Y69: =IF(X69="","",$Y$37*(X69^6)+$Y$38*(X69^5)+$Y$39*(X69^4)+$Y$40*(X69^3)+$Y$41*(X69^2)+$Y$42*(X69^1)+$Y$43) -> 416.98137 | AA69: 6 | AB69: =AB60 -> 0.10244458 | AC69: =AC51 -> 0.14976402 | AD69: =AC60 -> 26.2227 | AE69: =AE60 -> 0.32006965 | AF69: =AF60 -> 0.46791072 | AG69: =AG60 -> 0.68404 | AH69: =AH60 -> 1 | AJ69: 13 | AK69: =(($AK$107-$AK$57)/($AJ$107-1))+AK68 -> 0.4696944 | AL69: =IF(AK69="","",$AL$37*(AK69^6)+$AL$38*(AK69^5)+$AL$39*(AK69^4)+$AL$40*(AK69^3)+$AL$41*(AK69^2)+$AL$42*(AK69^1)+$AL$43) -> 48.682522 | AN69: 6 | AO69: =AO60 -> 3.2513554e+08 | AP69: =AP51 -> 12399011 | AQ69: =AP60 -> 0.68404 | AR69: =AR60 -> 18031.515 | AS69: =AS60 -> 687.63 | AT69: =AT60 -> 26.2227 | AU69: =AU60 -> 1 | AW69: 13 | AX69: =(($AX$107-$AX$57)/($AW$107-1))+AX68 -> 27.271608 | AY69: =IF(AX69="","",$AY$37*(AX69^6)+$AY$38*(AX69^5)+$AY$39*(AX69^4)+$AY$40*(AX69^3)+$AY$41*(AX69^2)+$AY$42*(AX69^1)+$AY$43) -> 0.66283384 | AZ69: =AY69-AY68 -> -0.020691368 | BA69: 6 | BB69: =BB60 -> 117649 | BC69: =BC51 -> 16807 | BD69: =BC60 -> 10.804446 | BE69: =BE60 -> 343 | BF69: =BF60 -> 49 | BG69: =BG60 -> 7 | BH69: =BH60 -> 1 | BJ69: 13 | BK69: =(($BK$107-$BK$57)/($BJ$107-1))+BK68 -> 4.44 | BL69: =IF(BK69="","",$BL$37*(BK69^6)+$BL$38*(BK69^5)+$BL$39*(BK69^4)+$BL$40*(BK69^3)+$BL$41*(BK69^2)+$BL$42*(BK69^1)+$BL$43) -> 8.1783994
A70: 7 | B70: =B61 -> 0.2112807 | C70: =C52 -> 0.27376832 | D70: =C61 -> 8 | E70: =E61 -> 0.4596528 | F70: =F61 -> 0.59559806 | G70: =G61 -> 0.77175 | H70: =H61 -> 1 | J70: 14 | K70: =(($K$107-$K$57)/($J$107-1))+K69 -> 0.4804156 | L70: =IF(K70="","",$L$37*(K70^6)+$L$38*(K70^5)+$L$39*(K70^4)+$L$40*(K70^3)+$L$41*(K70^2)+$L$42*(K70^1)+$L$43) -> 4.7031711 | N70: 7 | O70: =O61 -> 262144 | P70: =P52 -> 32768 | Q70: =P61 -> 251.78472 | R70: =R61 -> 512 | S70: =S61 -> 64 | T70: =T61 -> 8 | U70: =U61 -> 1 | W70: 14 | X70: =(($X$107-$X$57)/($W$107-1))+X69 -> 4.56 | Y70: =IF(X70="","",$Y$37*(X70^6)+$Y$38*(X70^5)+$Y$39*(X70^4)+$Y$40*(X70^3)+$Y$41*(X70^2)+$Y$42*(X70^1)+$Y$43) -> 408.05533 | AA70: 7 | AB70: =AB61 -> 0.2112807 | AC70: =AC52 -> 0.27376832 | AD70: =AC61 -> 22.039555 | AE70: =AE61 -> 0.4596528 | AF70: =AF61 -> 0.59559806 | AG70: =AG61 -> 0.77175 | AH70: =AH61 -> 1 | AJ70: 14 | AK70: =(($AK$107-$AK$57)/($AJ$107-1))+AK69 -> 0.4804156 | AL70: =IF(AK70="","",$AL$37*(AK70^6)+$AL$38*(AK70^5)+$AL$39*(AK70^4)+$AL$40*(AK70^3)+$AL$41*(AK70^2)+$AL$42*(AK70^1)+$AL$43) -> 47.831005 | AN70: 7 | AO70: =AO61 -> 1.1460853e+08 | AP70: =AP52 -> 5200128.9 | AQ70: =AP61 -> 0.77175 | AR70: =AR61 -> 10705.537 | AS70: =AS61 -> 485.74198 | AT70: =AT61 -> 22.039555 | AU70: =AU61 -> 1 | AW70: 14 | AX70: =(($AX$107-$AX$57)/($AW$107-1))+AX69 -> 28.295542 | AY70: =IF(AX70="","",$AY$37*(AX70^6)+$AY$38*(AX70^5)+$AY$39*(AX70^4)+$AY$40*(AX70^3)+$AY$41*(AX70^2)+$AY$42*(AX70^1)+$AY$43) -> 0.64317006 | AZ70: =AY70-AY69 -> -0.019663787 | BA70: 7 | BB70: =BB61 -> 262144 | BC70: =BC52 -> 32768 | BD70: =BC61 -> 11.42422 | BE70: =BE61 -> 512 | BF70: =BF61 -> 64 | BG70: =BG61 -> 8 | BH70: =BH61 -> 1 | BJ70: 14 | BK70: =(($BK$107-$BK$57)/($BJ$107-1))+BK69 -> 4.56 | BL70: =IF(BK70="","",$BL$37*(BK70^6)+$BL$38*(BK70^5)+$BL$39*(BK70^4)+$BL$40*(BK70^3)+$BL$41*(BK70^2)+$BL$42*(BK70^1)+$BL$43) -> 8.0997105
A71: 8 | B71: =B62 -> 0.45529687 | C71: =C53 -> 0.51909346 | D71: =C62 -> 9 | E71: =E62 -> 0.6747569 | F71: =F62 -> 0.76930441 | G71: =G62 -> 0.8771 | H71: =H62 -> 1 | J71: 15 | K71: =(($K$107-$K$57)/($J$107-1))+K70 -> 0.4911368 | L71: =IF(K71="","",$L$37*(K71^6)+$L$38*(K71^5)+$L$39*(K71^4)+$L$40*(K71^3)+$L$41*(K71^2)+$L$42*(K71^1)+$L$43) -> 4.8326759 | N71: 8 | O71: =O62 -> 531441 | P71: =P53 -> 59049 | Q71: =P62 -> 226.19792 | R71: =R62 -> 729 | S71: =S62 -> 81 | T71: =T62 -> 9 | U71: =U62 -> 1 | W71: 15 | X71: =(($X$107-$X$57)/($W$107-1))+X70 -> 4.68 | Y71: =IF(X71="","",$Y$37*(X71^6)+$Y$38*(X71^5)+$Y$39*(X71^4)+$Y$40*(X71^3)+$Y$41*(X71^2)+$Y$42*(X71^1)+$Y$43) -> 399.48304 | AA71: 8 | AB71: =AB62 -> 0.45529687 | AC71: =AC53 -> 0.51909346 | AD71: =AC62 -> 14.9844 | AE71: =AE62 -> 0.6747569 | AF71: =AF62 -> 0.76930441 | AG71: =AG62 -> 0.8771 | AH71: =AH62 -> 1 | AJ71: 15 | AK71: =(($AK$107-$AK$57)/($AJ$107-1))+AK70 -> 0.4911368 | AL71: =IF(AK71="","",$AL$37*(AK71^6)+$AL$38*(AK71^5)+$AL$39*(AK71^4)+$AL$40*(AK71^3)+$AL$41*(AK71^2)+$AL$42*(AK71^1)+$AL$43) -> 46.749136 | AN71: 8 | AO71: =AO62 -> 11319732 | AP71: =AP53 -> 755434.45 | AQ71: =AP62 -> 0.8771 | AR71: =AR62 -> 3364.4809 | AS71: =AS62 -> 224.53224 | AT71: =AT62 -> 14.9844 | AU71: =AU62 -> 1 | AW71: 15 | AX71: =(($AX$107-$AX$57)/($AW$107-1))+AX70 -> 29.319476 | AY71: =IF(AX71="","",$AY$37*(AX71^6)+$AY$38*(AX71^5)+$AY$39*(AX71^4)+$AY$40*(AX71^3)+$AY$41*(AX71^2)+$AY$42*(AX71^1)+$AY$43) -> 0.6248202 | AZ71: =AY71-AY70 -> -0.018349863 | BA71: 8 | BB71: =BB62 -> 531441 | BC71: =BC53 -> 59049 | BD71: =BC62 -> 15.09556 | BE71: =BE62 -> 729 | BF71: =BF62 -> 81 | BG71: =BG62 -> 9 | BH71: =BH62 -> 1 | BJ71: 15 | BK71: =(($BK$107-$BK$57)/($BJ$107-1))+BK70 -> 4.68 | BL71: =IF(BK71="","",$BL$37*(BK71^6)+$BL$38*(BK71^5)+$BL$39*(BK71^4)+$BL$40*(BK71^3)+$BL$41*(BK71^2)+$BL$42*(BK71^1)+$BL$43) -> 8.0965512
J72: 16 | K72: =(($K$107-$K$57)/($J$107-1))+K71 -> 0.501858 | L72: =IF(K72="","",$L$37*(K72^6)+$L$38*(K72^5)+$L$39*(K72^4)+$L$40*(K72^3)+$L$41*(K72^2)+$L$42*(K72^1)+$L$43) -> 4.9568772 | W72: 16 | X72: =(($X$107-$X$57)/($W$107-1))+X71 -> 4.8 | Y72: =IF(X72="","",$Y$37*(X72^6)+$Y$38*(X72^5)+$Y$39*(X72^4)+$Y$40*(X72^3)+$Y$41*(X72^2)+$Y$42*(X72^1)+$Y$43) -> 391.24165 | AJ72: 16 | AK72: =(($AK$107-$AK$57)/($AJ$107-1))+AK71 -> 0.501858 | AL72: =IF(AK72="","",$AL$37*(AK72^6)+$AL$38*(AK72^5)+$AL$39*(AK72^4)+$AL$40*(AK72^3)+$AL$41*(AK72^2)+$AL$42*(AK72^1)+$AL$43) -> 45.458135 | AW72: 16 | AX72: =(($AX$107-$AX$57)/($AW$107-1))+AX71 -> 30.34341 | AY72: =IF(AX72="","",$AY$37*(AX72^6)+$AY$38*(AX72^5)+$AY$39*(AX72^4)+$AY$40*(AX72^3)+$AY$41*(AX72^2)+$AY$42*(AX72^1)+$AY$43) -> 0.60801629 | AZ72: =AY72-AY71 -> -0.016803902 | BJ72: 16 | BK72: =(($BK$107-$BK$57)/($BJ$107-1))+BK71 -> 4.8 | BL72: =IF(BK72="","",$BL$37*(BK72^6)+$BL$38*(BK72^5)+$BL$39*(BK72^4)+$BL$40*(BK72^3)+$BL$41*(BK72^2)+$BL$42*(BK72^1)+$BL$43) -> 8.1642628
A73: m\x^n | B73: 6 | C73: 5 | D73: 4 | E73: 3 | F73: 2 | G73: 1 | H73: 0 | J73: 17 | K73: =(($K$107-$K$57)/($J$107-1))+K72 -> 0.5125792 | L73: =IF(K73="","",$L$37*(K73^6)+$L$38*(K73^5)+$L$39*(K73^4)+$L$40*(K73^3)+$L$41*(K73^2)+$L$42*(K73^1)+$L$43) -> 5.0764812 | N73: m\x^n | O73: 6 | P73: 5 | Q73: 4 | R73: 3 | S73: 2 | T73: 1 | U73: 0 | W73: 17 | X73: =(($X$107-$X$57)/($W$107-1))+X72 -> 4.92 | Y73: =IF(X73="","",$Y$37*(X73^6)+$Y$38*(X73^5)+$Y$39*(X73^4)+$Y$40*(X73^3)+$Y$41*(X73^2)+$Y$42*(X73^1)+$Y$43) -> 383.31148 | AA73: m\x^n | AB73: 6 | AC73: 5 | AD73: 4 | AE73: 3 | AF73: 2 | AG73: 1 | AH73: 0 | AJ73: 17 | AK73: =(($AK$107-$AK$57)/($AJ$107-1))+AK72 -> 0.5125792 | AL73: =IF(AK73="","",$AL$37*(AK73^6)+$AL$38*(AK73^5)+$AL$39*(AK73^4)+$AL$40*(AK73^3)+$AL$41*(AK73^2)+$AL$42*(AK73^1)+$AL$43) -> 43.990266 | AN73: m\x^n | AO73: 6 | AP73: 5 | AQ73: 4 | AR73: 3 | AS73: 2 | AT73: 1 | AU73: 0 | AW73: 17 | AX73: =(($AX$107-$AX$57)/($AW$107-1))+AX72 -> 31.367344 | AY73: =IF(AX73="","",$AY$37*(AX73^6)+$AY$38*(AX73^5)+$AY$39*(AX73^4)+$AY$40*(AX73^3)+$AY$41*(AX73^2)+$AY$42*(AX73^1)+$AY$43) -> 0.59292916 | AZ73: =AY73-AY72 -> -0.015087138 | BA73: m\x^n | BB73: 6 | BC73: 5 | BD73: 4 | BE73: 3 | BF73: 2 | BG73: 1 | BH73: 0 | BJ73: 17 | BK73: =(($BK$107-$BK$57)/($BJ$107-1))+BK72 -> 4.92 | BL73: =IF(BK73="","",$BL$37*(BK73^6)+$BL$38*(BK73^5)+$BL$39*(BK73^4)+$BL$40*(BK73^3)+$BL$41*(BK73^2)+$BL$42*(BK73^1)+$BL$43) -> 8.295243
A74: 2 | B74: =B65 -> 0.0015733738 | C74: =C65 -> 0.0046134583 | D74: =D56 -> 0.013527616 | E74: =D65 -> 3 | F74: =F65 -> 0.11630828 | G74: =G65 -> 0.34104 | H74: =H65 -> 1 | I74: =IF($B$4=7,MDETERM(B74:H80),IF($B$4=6,MDETERM(C74:H79),IF($B$4=5,MDETERM(D74:H78),IF($B$4=4,MDETERM(E74:H77),IF($B$4=3,MDETERM(F74:H76),"ERRO"))))) -> 4.4468672e-11 | J74: 18 | K74: =(($K$107-$K$57)/($J$107-1))+K73 -> 0.5233004 | L74: =IF(K74="","",$L$37*(K74^6)+$L$38*(K74^5)+$L$39*(K74^4)+$L$40*(K74^3)+$L$41*(K74^2)+$L$42*(K74^1)+$L$43) -> 5.1923532 | N74: 2 | O74: =O65 -> 729 | P74: =P65 -> 243 | Q74: =Q56 -> 81 | R74: =Q65 -> 566.77141 | S74: =S65 -> 9 | T74: =T65 -> 3 | U74: =U65 -> 1 | V74: =IF($B$4=7,MDETERM(O74:U80),IF($B$4=6,MDETERM(P74:U79),IF($B$4=5,MDETERM(Q74:U78),IF($B$4=4,MDETERM(R74:U77),IF($B$4=3,MDETERM(S74:U76),"ERRO"))))) -> 2.0184787e+09 | W74: 18 | X74: =(($X$107-$X$57)/($W$107-1))+X73 -> 5.04 | Y74: =IF(X74="","",$Y$37*(X74^6)+$Y$38*(X74^5)+$Y$39*(X74^4)+$Y$40*(X74^3)+$Y$41*(X74^2)+$Y$42*(X74^1)+$Y$43) -> 375.67555 | AA74: 2 | AB74: =AB65 -> 0.0015733738 | AC74: =AC65 -> 0.0046134583 | AD74: =AD56 -> 0.013527616 | AE74: =AD65 -> 66.1811 | AF74: =AF65 -> 0.11630828 | AG74: =AG65 -> 0.34104 | AH74: =AH65 -> 1 | AI74: =IF($B$4=7,MDETERM(AB74:AH80),IF($B$4=6,MDETERM(AC74:AH79),IF($B$4=5,MDETERM(AD74:AH78),IF($B$4=4,MDETERM(AE74:AH77),IF($B$4=3,MDETERM(AF74:AH76),"ERRO"))))) -> 2.1488773e-09 | AJ74: 18 | AK74: =(($AK$107-$AK$57)/($AJ$107-1))+AK73 -> 0.5233004 | AL74: =IF(AK74="","",$AL$37*(AK74^6)+$AL$38*(AK74^5)+$AL$39*(AK74^4)+$AL$40*(AK74^3)+$AL$41*(AK74^2)+$AL$42*(AK74^1)+$AL$43) -> 42.385562 | AN74: 2 | AO74: =AO65 -> 8.4024104e+10 | AP74: =AP65 -> 1.2696087e+09 | AQ74: =AQ56 -> 19183857 | AR74: =AQ65 -> 0.34104 | AS74: =AS65 -> 4379.938 | AT74: =AT65 -> 66.1811 | AU74: =AU65 -> 1 | AV74: =IF($B$4=7,MDETERM(AO74:AU80),IF($B$4=6,MDETERM(AP74:AU79),IF($B$4=5,MDETERM(AQ74:AU78),IF($B$4=4,MDETERM(AR74:AU77),IF($B$4=3,MDETERM(AS74:AU76),"ERRO"))))) -> -1.0535592e+23 | AW74: 18 | AX74: =(($AX$107-$AX$57)/($AW$107-1))+AX73 -> 32.391278 | AY74: =IF(AX74="","",$AY$37*(AX74^6)+$AY$38*(AX74^5)+$AY$39*(AX74^4)+$AY$40*(AX74^3)+$AY$41*(AX74^2)+$AY$42*(AX74^1)+$AY$43) -> 0.57966312 | AZ74: =AY74-AY73 -> -0.013266033 | BA74: 2 | BB74: =BB65 -> 729 | BC74: =BC65 -> 243 | BD74: =BD56 -> 81 | BE74: =BD65 -> 8.5639466 | BF74: =BF65 -> 9 | BG74: =BG65 -> 3 | BH74: =BH65 -> 1 | BI74: =IF($B$4=7,MDETERM(BB74:BH80),IF($B$4=6,MDETERM(BC74:BH79),IF($B$4=5,MDETERM(BD74:BH78),IF($B$4=4,MDETERM(BE74:BH77),IF($B$4=3,MDETERM(BF74:BH76),"ERRO"))))) -> -3.1993446e+09 | BJ74: 18 | BK74: =(($BK$107-$BK$57)/($BJ$107-1))+BK73 -> 5.04 | BL74: =IF(BK74="","",$BL$37*(BK74^6)+$BL$38*(BK74^5)+$BL$39*(BK74^4)+$BL$40*(BK74^3)+$BL$41*(BK74^2)+$BL$42*(BK74^1)+$BL$43) -> 8.4797148
A75: 3 | B75: =B66 -> 0.0062119049 | C75: =C66 -> 0.014488408 | D75: =D57 -> 0.033792205 | E75: =D66 -> 4 | F75: =F66 -> 0.18382656 | G75: =G66 -> 0.42875 | H75: =H66 -> 1 | J75: 19 | K75: =(($K$107-$K$57)/($J$107-1))+K74 -> 0.5340216 | L75: =IF(K75="","",$L$37*(K75^6)+$L$38*(K75^5)+$L$39*(K75^4)+$L$40*(K75^3)+$L$41*(K75^2)+$L$42*(K75^1)+$L$43) -> 5.3054553 | N75: 3 | O75: =O66 -> 4096 | P75: =P66 -> 1024 | Q75: =Q57 -> 256 | R75: =Q66 -> 453.2125 | S75: =S66 -> 16 | T75: =T66 -> 4 | U75: =U66 -> 1 | W75: 19 | X75: =(($X$107-$X$57)/($W$107-1))+X74 -> 5.16 | Y75: =IF(X75="","",$Y$37*(X75^6)+$Y$38*(X75^5)+$Y$39*(X75^4)+$Y$40*(X75^3)+$Y$41*(X75^2)+$Y$42*(X75^1)+$Y$43) -> 368.31914 | AA75: 3 | AB75: =AB66 -> 0.0062119049 | AC75: =AC66 -> 0.014488408 | AD75: =AD57 -> 0.033792205 | AE75: =AD66 -> 49.948 | AF75: =AF66 -> 0.18382656 | AG75: =AG66 -> 0.42875 | AH75: =AH66 -> 1 | AJ75: 19 | AK75: =(($AK$107-$AK$57)/($AJ$107-1))+AK74 -> 0.5340216 | AL75: =IF(AK75="","",$AL$37*(AK75^6)+$AL$38*(AK75^5)+$AL$39*(AK75^4)+$AL$40*(AK75^3)+$AL$41*(AK75^2)+$AL$42*(AK75^1)+$AL$43) -> 40.688851 | AN75: 3 | AO75: =AO66 -> 1.5527753e+10 | AP75: =AP66 -> 3.1087838e+08 | AQ75: =AQ57 -> 6224040.5 | AR75: =AQ66 -> 0.42875 | AS75: =AS66 -> 2494.8027 | AT75: =AT66 -> 49.948 | AU75: =AU66 -> 1 | AW75: 19 | AX75: =(($AX$107-$AX$57)/($AW$107-1))+AX74 -> 33.415212 | AY75: =IF(AX75="","",$AY$37*(AX75^6)+$AY$38*(AX75^5)+$AY$39*(AX75^4)+$AY$40*(AX75^3)+$AY$41*(AX75^2)+$AY$42*(AX75^1)+$AY$43) -> 0.56825254 | AZ75: =AY75-AY74 -> -0.011410579 | BA75: 3 | BB75: =BB66 -> 4096 | BC75: =BC66 -> 1024 | BD75: =BD57 -> 256 | BE75: =BD66 -> 9.0736866 | BF75: =BF66 -> 16 | BG75: =BG66 -> 4 | BH75: =BH66 -> 1 | BJ75: 19 | BK75: =(($BK$107-$BK$57)/($BJ$107-1))+BK74 -> 5.16 | BL75: =IF(BK75="","",$BL$37*(BK75^6)+$BL$38*(BK75^5)+$BL$39*(BK75^4)+$BL$40*(BK75^3)+$BL$41*(BK75^2)+$BL$42*(BK75^1)+$BL$43) -> 8.7064321
A76: 4 | B76: =B67 -> 0.016720708 | C76: =C67 -> 0.033065789 | D76: =D58 -> 0.065388761 | E76: =D67 -> 5 | F76: =F67 -> 0.25571226 | G76: =G67 -> 0.50568 | H76: =H67 -> 1 | J76: 20 | K76: =(($K$107-$K$57)/($J$107-1))+K75 -> 0.5447428 | L76: =IF(K76="","",$L$37*(K76^6)+$L$38*(K76^5)+$L$39*(K76^4)+$L$40*(K76^3)+$L$41*(K76^2)+$L$42*(K76^1)+$L$43) -> 5.4167907 | N76: 4 | O76: =O67 -> 15625 | P76: =P67 -> 3125 | Q76: =Q58 -> 625 | R76: =Q67 -> 378.18911 | S76: =S67 -> 25 | T76: =T67 -> 5 | U76: =U67 -> 1 | W76: 20 | X76: =(($X$107-$X$57)/($W$107-1))+X75 -> 5.28 | Y76: =IF(X76="","",$Y$37*(X76^6)+$Y$38*(X76^5)+$Y$39*(X76^4)+$Y$40*(X76^3)+$Y$41*(X76^2)+$Y$42*(X76^1)+$Y$43) -> 361.22941 | AA76: 4 | AB76: =AB67 -> 0.016720708 | AC76: =AC67 -> 0.033065789 | AD76: =AD58 -> 0.065388761 | AE76: =AD67 -> 44.9532 | AF76: =AF67 -> 0.25571226 | AG76: =AG67 -> 0.50568 | AH76: =AH67 -> 1 | AJ76: 20 | AK76: =(($AK$107-$AK$57)/($AJ$107-1))+AK75 -> 0.5447428 | AL76: =IF(AK76="","",$AL$37*(AK76^6)+$AL$38*(AK76^5)+$AL$39*(AK76^4)+$AL$40*(AK76^3)+$AL$41*(AK76^2)+$AL$42*(AK76^1)+$AL$43) -> 38.947073 | AN76: 4 | AO76: =AO67 -> 8.2520847e+09 | AP76: =AP67 -> 1.8357057e+08 | AQ76: =AQ58 -> 4083593 | AR76: =AQ67 -> 0.50568 | AS76: =AS67 -> 2020.7902 | AT76: =AT67 -> 44.9532 | AU76: =AU67 -> 1 | AW76: 20 | AX76: =(($AX$107-$AX$57)/($AW$107-1))+AX75 -> 34.439146 | AY76: =IF(AX76="","",$AY$37*(AX76^6)+$AY$38*(AX76^5)+$AY$39*(AX76^4)+$AY$40*(AX76^3)+$AY$41*(AX76^2)+$AY$42*(AX76^1)+$AY$43) -> 0.55865994 | AZ76: =AY76-AY75 -> -0.0095926001 | BA76: 4 | BB76: =BB67 -> 15625 | BC76: =BC67 -> 3125 | BD76: =BD58 -> 625 | BE76: =BD67 -> 8.412952 | BF76: =BF67 -> 25 | BG76: =BG67 -> 5 | BH76: =BH67 -> 1 | BJ76: 20 | BK76: =(($BK$107-$BK$57)/($BJ$107-1))+BK75 -> 5.28 | BL76: =IF(BK76="","",$BL$37*(BK76^6)+$BL$38*(BK76^5)+$BL$39*(BK76^4)+$BL$40*(BK76^3)+$BL$41*(BK76^2)+$BL$42*(BK76^1)+$BL$43) -> 8.9633234
A77: 5 | B77: =B68 -> 0.046772762 | C77: =C68 -> 0.077922135 | D77: =D59 -> 0.12981614 | E77: =D68 -> 6 | F77: =F68 -> 0.36030006 | G77: =G68 -> 0.60025 | H77: =H68 -> 1 | J77: 21 | K77: =(($K$107-$K$57)/($J$107-1))+K76 -> 0.555464 | L77: =IF(K77="","",$L$37*(K77^6)+$L$38*(K77^5)+$L$39*(K77^4)+$L$40*(K77^3)+$L$41*(K77^2)+$L$42*(K77^1)+$L$43) -> 5.5273537 | N77: 5 | O77: =O68 -> 46656 | P77: =P68 -> 7776 | Q77: =Q59 -> 1296 | R77: =Q68 -> 323.72321 | S77: =S68 -> 36 | T77: =T68 -> 6 | U77: =U68 -> 1 | W77: 21 | X77: =(($X$107-$X$57)/($W$107-1))+X76 -> 5.4 | Y77: =IF(X77="","",$Y$37*(X77^6)+$Y$38*(X77^5)+$Y$39*(X77^4)+$Y$40*(X77^3)+$Y$41*(X77^2)+$Y$42*(X77^1)+$Y$43) -> 354.39504 | AA77: 5 | AB77: =AB68 -> 0.046772762 | AC77: =AC68 -> 0.077922135 | AD77: =AD59 -> 0.12981614 | AE77: =AD68 -> 30.855377 | AF77: =AF68 -> 0.36030006 | AG77: =AG68 -> 0.60025 | AH77: =AH68 -> 1 | AJ77: 21 | AK77: =(($AK$107-$AK$57)/($AJ$107-1))+AK76 -> 0.555464 | AL77: =IF(AK77="","",$AL$37*(AK77^6)+$AL$38*(AK77^5)+$AL$39*(AK77^4)+$AL$40*(AK77^3)+$AL$41*(AK77^2)+$AL$42*(AK77^1)+$AL$43) -> 37.206885 | AN77: 5 | AO77: =AO68 -> 8.6294903e+08 | AP77: =AP68 -> 27967541 | AQ77: =AQ59 -> 906407.37 | AR77: =AQ68 -> 0.60025 | AS77: =AS68 -> 952.05429 | AT77: =AT68 -> 30.855377 | AU77: =AU68 -> 1 | AW77: 21 | AX77: =(($AX$107-$AX$57)/($AW$107-1))+AX76 -> 35.46308 | AY77: =IF(AX77="","",$AY$37*(AX77^6)+$AY$38*(AX77^5)+$AY$39*(AX77^4)+$AY$40*(AX77^3)+$AY$41*(AX77^2)+$AY$42*(AX77^1)+$AY$43) -> 0.55077589 | AZ77: =AY77-AY76 -> -0.0078840554 | BA77: 5 | BB77: =BB68 -> 46656 | BC77: =BC68 -> 7776 | BD77: =BD59 -> 1296 | BE77: =BD68 -> 10.49163 | BF77: =BF68 -> 36 | BG77: =BG68 -> 6 | BH77: =BH68 -> 1 | BJ77: 21 | BK77: =(($BK$107-$BK$57)/($BJ$107-1))+BK76 -> 5.4 | BL77: =IF(BK77="","",$BL$37*(BK77^6)+$BL$38*(BK77^5)+$BL$39*(BK77^4)+$BL$40*(BK77^3)+$BL$41*(BK77^2)+$BL$42*(BK77^1)+$BL$43) -> 9.2380725
A78: 6 | B78: =B69 -> 0.10244458 | C78: =C69 -> 0.14976402 | D78: =D60 -> 0.21894044 | E78: =D69 -> 7 | F78: =F69 -> 0.46791072 | G78: =G69 -> 0.68404 | H78: =H69 -> 1 | J78: 22 | K78: =(($K$107-$K$57)/($J$107-1))+K77 -> 0.5661852 | L78: =IF(K78="","",$L$37*(K78^6)+$L$38*(K78^5)+$L$39*(K78^4)+$L$40*(K78^3)+$L$41*(K78^2)+$L$42*(K78^1)+$L$43) -> 5.6380863 | N78: 6 | O78: =O69 -> 117649 | P78: =P69 -> 16807 | Q78: =Q60 -> 2401 | R78: =Q69 -> 283.32174 | S78: =S69 -> 49 | T78: =T69 -> 7 | U78: =U69 -> 1 | W78: 22 | X78: =(($X$107-$X$57)/($W$107-1))+X77 -> 5.52 | Y78: =IF(X78="","",$Y$37*(X78^6)+$Y$38*(X78^5)+$Y$39*(X78^4)+$Y$40*(X78^3)+$Y$41*(X78^2)+$Y$42*(X78^1)+$Y$43) -> 347.80585 | AA78: 6 | AB78: =AB69 -> 0.10244458 | AC78: =AC69 -> 0.14976402 | AD78: =AD60 -> 0.21894044 | AE78: =AD69 -> 26.2227 | AF78: =AF69 -> 0.46791072 | AG78: =AG69 -> 0.68404 | AH78: =AH69 -> 1 | AJ78: 22 | AK78: =(($AK$107-$AK$57)/($AJ$107-1))+AK77 -> 0.5661852 | AL78: =IF(AK78="","",$AL$37*(AK78^6)+$AL$38*(AK78^5)+$AL$39*(AK78^4)+$AL$40*(AK78^3)+$AL$41*(AK78^2)+$AL$42*(AK78^1)+$AL$43) -> 35.512566 | AN78: 6 | AO78: =AO69 -> 3.2513554e+08 | AP78: =AP69 -> 12399011 | AQ78: =AQ60 -> 472835.01 | AR78: =AQ69 -> 0.68404 | AS78: =AS69 -> 687.63 | AT78: =AT69 -> 26.2227 | AU78: =AU69 -> 1 | AW78: 22 | AX78: =(($AX$107-$AX$57)/($AW$107-1))+AX77 -> 36.487014 | AY78: =IF(AX78="","",$AY$37*(AX78^6)+$AY$38*(AX78^5)+$AY$39*(AX78^4)+$AY$40*(AX78^3)+$AY$41*(AX78^2)+$AY$42*(AX78^1)+$AY$43) -> 0.54442055 | AZ78: =AY78-AY77 -> -0.0063553377 | BA78: 6 | BB78: =BB69 -> 117649 | BC78: =BC69 -> 16807 | BD78: =BD60 -> 2401 | BE78: =BD69 -> 10.804446 | BF78: =BF69 -> 49 | BG78: =BG69 -> 7 | BH78: =BH69 -> 1 | BJ78: 22 | BK78: =(($BK$107-$BK$57)/($BJ$107-1))+BK77 -> 5.52 | BL78: =IF(BK78="","",$BL$37*(BK78^6)+$BL$38*(BK78^5)+$BL$39*(BK78^4)+$BL$40*(BK78^3)+$BL$41*(BK78^2)+$BL$42*(BK78^1)+$BL$43) -> 9.5186377
A79: 7 | B79: =B70 -> 0.2112807 | C79: =C70 -> 0.27376832 | D79: =D61 -> 0.35473705 | E79: =D70 -> 8 | F79: =F70 -> 0.59559806 | G79: =G70 -> 0.77175 | H79: =H70 -> 1 | J79: 23 | K79: =(($K$107-$K$57)/($J$107-1))+K78 -> 0.5769064 | L79: =IF(K79="","",$L$37*(K79^6)+$L$38*(K79^5)+$L$39*(K79^4)+$L$40*(K79^3)+$L$41*(K79^2)+$L$42*(K79^1)+$L$43) -> 5.7498399 | N79: 7 | O79: =O70 -> 262144 | P79: =P70 -> 32768 | Q79: =Q61 -> 4096 | R79: =Q70 -> 251.78472 | S79: =S70 -> 64 | T79: =T70 -> 8 | U79: =U70 -> 1 | W79: 23 | X79: =(($X$107-$X$57)/($W$107-1))+X78 -> 5.64 | Y79: =IF(X79="","",$Y$37*(X79^6)+$Y$38*(X79^5)+$Y$39*(X79^4)+$Y$40*(X79^3)+$Y$41*(X79^2)+$Y$42*(X79^1)+$Y$43) -> 341.45258 | AA79: 7 | AB79: =AB70 -> 0.2112807 | AC79: =AC70 -> 0.27376832 | AD79: =AD61 -> 0.35473705 | AE79: =AD70 -> 22.039555 | AF79: =AF70 -> 0.59559806 | AG79: =AG70 -> 0.77175 | AH79: =AH70 -> 1 | AJ79: 23 | AK79: =(($AK$107-$AK$57)/($AJ$107-1))+AK78 -> 0.5769064 | AL79: =IF(AK79="","",$AL$37*(AK79^6)+$AL$38*(AK79^5)+$AL$39*(AK79^4)+$AL$40*(AK79^3)+$AL$41*(AK79^2)+$AL$42*(AK79^1)+$AL$43) -> 33.904205 | AN79: 7 | AO79: =AO70 -> 1.1460853e+08 | AP79: =AP70 -> 5200128.9 | AQ79: =AQ61 -> 235945.28 | AR79: =AQ70 -> 0.77175 | AS79: =AS70 -> 485.74198 | AT79: =AT70 -> 22.039555 | AU79: =AU70 -> 1 | AW79: 23 | AX79: =(($AX$107-$AX$57)/($AW$107-1))+AX78 -> 37.510948 | AY79: =IF(AX79="","",$AY$37*(AX79^6)+$AY$38*(AX79^5)+$AY$39*(AX79^4)+$AY$40*(AX79^3)+$AY$41*(AX79^2)+$AY$42*(AX79^1)+$AY$43) -> 0.53934697 | AZ79: =AY79-AY78 -> -0.0050735771 | BA79: 7 | BB79: =BB70 -> 262144 | BC79: =BC70 -> 32768 | BD79: =BD61 -> 4096 | BE79: =BD70 -> 11.42422 | BF79: =BF70 -> 64 | BG79: =BG70 -> 8 | BH79: =BH70 -> 1 | BJ79: 23 | BK79: =(($BK$107-$BK$57)/($BJ$107-1))+BK78 -> 5.64 | BL79: =IF(BK79="","",$BL$37*(BK79^6)+$BL$38*(BK79^5)+$BL$39*(BK79^4)+$BL$40*(BK79^3)+$BL$41*(BK79^2)+$BL$42*(BK79^1)+$BL$43) -> 9.793708
A80: 8 | B80: =B71 -> 0.45529687 | C80: =C71 -> 0.51909346 | D80: =D62 -> 0.59182928 | E80: =D71 -> 9 | F80: =F71 -> 0.76930441 | G80: =G71 -> 0.8771 | H80: =H71 -> 1 | J80: 24 | K80: =(($K$107-$K$57)/($J$107-1))+K79 -> 0.5876276 | L80: =IF(K80="","",$L$37*(K80^6)+$L$38*(K80^5)+$L$39*(K80^4)+$L$40*(K80^3)+$L$41*(K80^2)+$L$42*(K80^1)+$L$43) -> 5.8633442 | N80: 8 | O80: =O71 -> 531441 | P80: =P71 -> 59049 | Q80: =Q62 -> 6561 | R80: =Q71 -> 226.19792 | S80: =S71 -> 81 | T80: =T71 -> 9 | U80: =U71 -> 1 | W80: 24 | X80: =(($X$107-$X$57)/($W$107-1))+X79 -> 5.76 | Y80: =IF(X80="","",$Y$37*(X80^6)+$Y$38*(X80^5)+$Y$39*(X80^4)+$Y$40*(X80^3)+$Y$41*(X80^2)+$Y$42*(X80^1)+$Y$43) -> 335.32654 | AA80: 8 | AB80: =AB71 -> 0.45529687 | AC80: =AC71 -> 0.51909346 | AD80: =AD62 -> 0.59182928 | AE80: =AD71 -> 14.9844 | AF80: =AF71 -> 0.76930441 | AG80: =AG71 -> 0.8771 | AH80: =AH71 -> 1 | AJ80: 24 | AK80: =(($AK$107-$AK$57)/($AJ$107-1))+AK79 -> 0.5876276 | AL80: =IF(AK80="","",$AL$37*(AK80^6)+$AL$38*(AK80^5)+$AL$39*(AK80^4)+$AL$40*(AK80^3)+$AL$41*(AK80^2)+$AL$42*(AK80^1)+$AL$43) -> 32.416191 | AN80: 8 | AO80: =AO71 -> 11319732 | AP80: =AP71 -> 755434.45 | AQ80: =AQ62 -> 50414.728 | AR80: =AQ71 -> 0.8771 | AS80: =AS71 -> 224.53224 | AT80: =AT71 -> 14.9844 | AU80: =AU71 -> 1 | AW80: 24 | AX80: =(($AX$107-$AX$57)/($AW$107-1))+AX79 -> 38.534882 | AY80: =IF(AX80="","",$AY$37*(AX80^6)+$AY$38*(AX80^5)+$AY$39*(AX80^4)+$AY$40*(AX80^3)+$AY$41*(AX80^2)+$AY$42*(AX80^1)+$AY$43) -> 0.53524603 | AZ80: =AY80-AY79 -> -0.0041009419 | BA80: 8 | BB80: =BB71 -> 531441 | BC80: =BC71 -> 59049 | BD80: =BD62 -> 6561 | BE80: =BD71 -> 15.09556 | BF80: =BF71 -> 81 | BG80: =BG71 -> 9 | BH80: =BH71 -> 1 | BJ80: 24 | BK80: =(($BK$107-$BK$57)/($BJ$107-1))+BK79 -> 5.76 | BL80: =IF(BK80="","",$BL$37*(BK80^6)+$BL$38*(BK80^5)+$BL$39*(BK80^4)+$BL$40*(BK80^3)+$BL$41*(BK80^2)+$BL$42*(BK80^1)+$BL$43) -> 10.053097
J81: 25 | K81: =(($K$107-$K$57)/($J$107-1))+K80 -> 0.5983488 | L81: =IF(K81="","",$L$37*(K81^6)+$L$38*(K81^5)+$L$39*(K81^4)+$L$40*(K81^3)+$L$41*(K81^2)+$L$42*(K81^1)+$L$43) -> 5.9791809 | W81: 25 | X81: =(($X$107-$X$57)/($W$107-1))+X80 -> 5.88 | Y81: =IF(X81="","",$Y$37*(X81^6)+$Y$38*(X81^5)+$Y$39*(X81^4)+$Y$40*(X81^3)+$Y$41*(X81^2)+$Y$42*(X81^1)+$Y$43) -> 329.41946 | AJ81: 25 | AK81: =(($AK$107-$AK$57)/($AJ$107-1))+AK80 -> 0.5983488 | AL81: =IF(AK81="","",$AL$37*(AK81^6)+$AL$38*(AK81^5)+$AL$39*(AK81^4)+$AL$40*(AK81^3)+$AL$41*(AK81^2)+$AL$42*(AK81^1)+$AL$43) -> 31.07599 | AW81: 25 | AX81: =(($AX$107-$AX$57)/($AW$107-1))+AX80 -> 39.558816 | AY81: =IF(AX81="","",$AY$37*(AX81^6)+$AY$38*(AX81^5)+$AY$39*(AX81^4)+$AY$40*(AX81^3)+$AY$41*(AX81^2)+$AY$42*(AX81^1)+$AY$43) -> 0.53175309 | AZ81: =AY81-AY80 -> -0.0034929405 | BJ81: 25 | BK81: =(($BK$107-$BK$57)/($BJ$107-1))+BK80 -> 5.88 | BL81: =IF(BK81="","",$BL$37*(BK81^6)+$BL$38*(BK81^5)+$BL$39*(BK81^4)+$BL$40*(BK81^3)+$BL$41*(BK81^2)+$BL$42*(BK81^1)+$BL$43) -> 10.288073
A82: m\x^n | B82: 6 | C82: 5 | D82: 4 | E82: 3 | F82: 2 | G82: 1 | H82: 0 | J82: 26 | K82: =(($K$107-$K$57)/($J$107-1))+K81 -> 0.60907 | L82: =IF(K82="","",$L$37*(K82^6)+$L$38*(K82^5)+$L$39*(K82^4)+$L$40*(K82^3)+$L$41*(K82^2)+$L$42*(K82^1)+$L$43) -> 6.0977647 | N82: m\x^n | O82: 6 | P82: 5 | Q82: 4 | R82: 3 | S82: 2 | T82: 1 | U82: 0 | W82: 26 | X82: =(($X$107-$X$57)/($W$107-1))+X81 -> 6 | Y82: =IF(X82="","",$Y$37*(X82^6)+$Y$38*(X82^5)+$Y$39*(X82^4)+$Y$40*(X82^3)+$Y$41*(X82^2)+$Y$42*(X82^1)+$Y$43) -> 323.72321 | AA82: m\x^n | AB82: 6 | AC82: 5 | AD82: 4 | AE82: 3 | AF82: 2 | AG82: 1 | AH82: 0 | AJ82: 26 | AK82: =(($AK$107-$AK$57)/($AJ$107-1))+AK81 -> 0.60907 | AL82: =IF(AK82="","",$AL$37*(AK82^6)+$AL$38*(AK82^5)+$AL$39*(AK82^4)+$AL$40*(AK82^3)+$AL$41*(AK82^2)+$AL$42*(AK82^1)+$AL$43) -> 29.903218 | AN82: m\x^n | AO82: 6 | AP82: 5 | AQ82: 4 | AR82: 3 | AS82: 2 | AT82: 1 | AU82: 0 | AW82: 26 | AX82: =(($AX$107-$AX$57)/($AW$107-1))+AX81 -> 40.58275 | AY82: =IF(AX82="","",$AY$37*(AX82^6)+$AY$38*(AX82^5)+$AY$39*(AX82^4)+$AY$40*(AX82^3)+$AY$41*(AX82^2)+$AY$42*(AX82^1)+$AY$43) -> 0.52845637 | AZ82: =AY82-AY81 -> -0.0032967227 | BA82: m\x^n | BB82: 6 | BC82: 5 | BD82: 4 | BE82: 3 | BF82: 2 | BG82: 1 | BH82: 0 | BJ82: 26 | BK82: =(($BK$107-$BK$57)/($BJ$107-1))+BK81 -> 6 | BL82: =IF(BK82="","",$BL$37*(BK82^6)+$BL$38*(BK82^5)+$BL$39*(BK82^4)+$BL$40*(BK82^3)+$BL$41*(BK82^2)+$BL$42*(BK82^1)+$BL$43) -> 10.49163
A83: 2 | B83: =B74 -> 0.0015733738 | C83: =C74 -> 0.0046134583 | D83: =D74 -> 0.013527616 | E83: =E65 -> 0.039665776 | F83: =E74 -> 3 | G83: =G74 -> 0.34104 | H83: =H74 -> 1 | I83: =IF($B$4=7,MDETERM(B83:H89),IF($B$4=6,MDETERM(C83:H88),IF($B$4=5,MDETERM(D83:H87),IF($B$4=4,MDETERM(E83:H86),IF($B$4=3,MDETERM(F83:H85),"ERRO"))))) -> -1.9354762e-11 | J83: 27 | K83: =(($K$107-$K$57)/($J$107-1))+K82 -> 0.6197912 | L83: =IF(K83="","",$L$37*(K83^6)+$L$38*(K83^5)+$L$39*(K83^4)+$L$40*(K83^3)+$L$41*(K83^2)+$L$42*(K83^1)+$L$43) -> 6.2193293 | N83: 2 | O83: =O74 -> 729 | P83: =P74 -> 243 | Q83: =Q74 -> 81 | R83: =R65 -> 27 | S83: =R74 -> 566.77141 | T83: =T74 -> 3 | U83: =U74 -> 1 | V83: =IF($B$4=7,MDETERM(O83:U89),IF($B$4=6,MDETERM(P83:U88),IF($B$4=5,MDETERM(Q83:U87),IF($B$4=4,MDETERM(R83:U86),IF($B$4=3,MDETERM(S83:U85),"ERRO"))))) -> -9.972393e+09 | W83: 27 | X83: =(($X$107-$X$57)/($W$107-1))+X82 -> 6.12 | Y83: =IF(X83="","",$Y$37*(X83^6)+$Y$38*(X83^5)+$Y$39*(X83^4)+$Y$40*(X83^3)+$Y$41*(X83^2)+$Y$42*(X83^1)+$Y$43) -> 318.22973 | AA83: 2 | AB83: =AB74 -> 0.0015733738 | AC83: =AC74 -> 0.0046134583 | AD83: =AD74 -> 0.013527616 | AE83: =AE65 -> 0.039665776 | AF83: =AE74 -> 66.1811 | AG83: =AG74 -> 0.34104 | AH83: =AH74 -> 1 | AI83: =IF($B$4=7,MDETERM(AB83:AH89),IF($B$4=6,MDETERM(AC83:AH88),IF($B$4=5,MDETERM(AD83:AH87),IF($B$4=4,MDETERM(AE83:AH86),IF($B$4=3,MDETERM(AF83:AH85),"ERRO"))))) -> -9.3606623e-10 | AJ83: 27 | AK83: =(($AK$107-$AK$57)/($AJ$107-1))+AK82 -> 0.6197912 | AL83: =IF(AK83="","",$AL$37*(AK83^6)+$AL$38*(AK83^5)+$AL$39*(AK83^4)+$AL$40*(AK83^3)+$AL$41*(AK83^2)+$AL$42*(AK83^1)+$AL$43) -> 28.908998 | AN83: 2 | AO83: =AO74 -> 8.4024104e+10 | AP83: =AP74 -> 1.2696087e+09 | AQ83: =AQ74 -> 19183857 | AR83: =AR65 -> 289869.11 | AS83: =AR74 -> 0.34104 | AT83: =AT74 -> 66.1811 | AU83: =AU74 -> 1 | AV83: =IF($B$4=7,MDETERM(AO83:AU89),IF($B$4=6,MDETERM(AP83:AU88),IF($B$4=5,MDETERM(AQ83:AU87),IF($B$4=4,MDETERM(AR83:AU86),IF($B$4=3,MDETERM(AS83:AU85),"ERRO"))))) -> 1.8894315e+24 | AW83: 27 | AX83: =(($AX$107-$AX$57)/($AW$107-1))+AX82 -> 41.606684 | AY83: =IF(AX83="","",$AY$37*(AX83^6)+$AY$38*(AX83^5)+$AY$39*(AX83^4)+$AY$40*(AX83^3)+$AY$41*(AX83^2)+$AY$42*(AX83^1)+$AY$43) -> 0.52490699 | AZ83: =AY83-AY82 -> -0.0035493814 | BA83: 2 | BB83: =BB74 -> 729 | BC83: =BC74 -> 243 | BD83: =BD74 -> 81 | BE83: =BE65 -> 27 | BF83: =BE74 -> 8.5639466 | BG83: =BG74 -> 3 | BH83: =BH74 -> 1 | BI83: =IF($B$4=7,MDETERM(BB83:BH89),IF($B$4=6,MDETERM(BC83:BH88),IF($B$4=5,MDETERM(BD83:BH87),IF($B$4=4,MDETERM(BE83:BH86),IF($B$4=3,MDETERM(BF83:BH85),"ERRO"))))) -> 1.3679181e+10 | BJ83: 27 | BK83: =(($BK$107-$BK$57)/($BJ$107-1))+BK82 -> 6.12 | BL83: =IF(BK83="","",$BL$37*(BK83^6)+$BL$38*(BK83^5)+$BL$39*(BK83^4)+$BL$40*(BK83^3)+$BL$41*(BK83^2)+$BL$42*(BK83^1)+$BL$43) -> 10.658696
A84: 3 | B84: =B75 -> 0.0062119049 | C84: =C75 -> 0.014488408 | D84: =D75 -> 0.033792205 | E84: =E66 -> 0.078815639 | F84: =E75 -> 4 | G84: =G75 -> 0.42875 | H84: =H75 -> 1 | J84: 28 | K84: =(($K$107-$K$57)/($J$107-1))+K83 -> 0.6305124 | L84: =IF(K84="","",$L$37*(K84^6)+$L$38*(K84^5)+$L$39*(K84^4)+$L$40*(K84^3)+$L$41*(K84^2)+$L$42*(K84^1)+$L$43) -> 6.3439199 | N84: 3 | O84: =O75 -> 4096 | P84: =P75 -> 1024 | Q84: =Q75 -> 256 | R84: =R66 -> 64 | S84: =R75 -> 453.2125 | T84: =T75 -> 4 | U84: =U75 -> 1 | W84: 28 | X84: =(($X$107-$X$57)/($W$107-1))+X83 -> 6.24 | Y84: =IF(X84="","",$Y$37*(X84^6)+$Y$38*(X84^5)+$Y$39*(X84^4)+$Y$40*(X84^3)+$Y$41*(X84^2)+$Y$42*(X84^1)+$Y$43) -> 312.9308 | AA84: 3 | AB84: =AB75 -> 0.0062119049 | AC84: =AC75 -> 0.014488408 | AD84: =AD75 -> 0.033792205 | AE84: =AE66 -> 0.078815639 | AF84: =AE75 -> 49.948 | AG84: =AG75 -> 0.42875 | AH84: =AH75 -> 1 | AJ84: 28 | AK84: =(($AK$107-$AK$57)/($AJ$107-1))+AK83 -> 0.6305124 | AL84: =IF(AK84="","",$AL$37*(AK84^6)+$AL$38*(AK84^5)+$AL$39*(AK84^4)+$AL$40*(AK84^3)+$AL$41*(AK84^2)+$AL$42*(AK84^1)+$AL$43) -> 28.095626 | AN84: 3 | AO84: =AO75 -> 1.5527753e+10 | AP84: =AP75 -> 3.1087838e+08 | AQ84: =AQ75 -> 6224040.5 | AR84: =AR66 -> 124610.41 | AS84: =AR75 -> 0.42875 | AT84: =AT75 -> 49.948 | AU84: =AU75 -> 1 | AW84: 28 | AX84: =(($AX$107-$AX$57)/($AW$107-1))+AX83 -> 42.630618 | AY84: =IF(AX84="","",$AY$37*(AX84^6)+$AY$38*(AX84^5)+$AY$39*(AX84^4)+$AY$40*(AX84^3)+$AY$41*(AX84^2)+$AY$42*(AX84^1)+$AY$43) -> 0.52063073 | AZ84: =AY84-AY83 -> -0.0042762543 | BA84: 3 | BB84: =BB75 -> 4096 | BC84: =BC75 -> 1024 | BD84: =BD75 -> 256 | BE84: =BE66 -> 64 | BF84: =BE75 -> 9.0736866 | BG84: =BG75 -> 4 | BH84: =BH75 -> 1 | BJ84: 28 | BK84: =(($BK$107-$BK$57)/($BJ$107-1))+BK83 -> 6.24 | BL84: =IF(BK84="","",$BL$37*(BK84^6)+$BL$38*(BK84^5)+$BL$39*(BK84^4)+$BL$40*(BK84^3)+$BL$41*(BK84^2)+$BL$42*(BK84^1)+$BL$43) -> 10.786271
A85: 4 | B85: =B76 -> 0.016720708 | C85: =C76 -> 0.033065789 | D85: =D76 -> 0.065388761 | E85: =E67 -> 0.12930858 | F85: =E76 -> 5 | G85: =G76 -> 0.50568 | H85: =H76 -> 1 | J85: 29 | K85: =(($K$107-$K$57)/($J$107-1))+K84 -> 0.6412336 | L85: =IF(K85="","",$L$37*(K85^6)+$L$38*(K85^5)+$L$39*(K85^4)+$L$40*(K85^3)+$L$41*(K85^2)+$L$42*(K85^1)+$L$43) -> 6.471392 | N85: 4 | O85: =O76 -> 15625 | P85: =P76 -> 3125 | Q85: =Q76 -> 625 | R85: =R67 -> 125 | S85: =R76 -> 378.18911 | T85: =T76 -> 5 | U85: =U76 -> 1 | W85: 29 | X85: =(($X$107-$X$57)/($W$107-1))+X84 -> 6.36 | Y85: =IF(X85="","",$Y$37*(X85^6)+$Y$38*(X85^5)+$Y$39*(X85^4)+$Y$40*(X85^3)+$Y$41*(X85^2)+$Y$42*(X85^1)+$Y$43) -> 307.81801 | AA85: 4 | AB85: =AB76 -> 0.016720708 | AC85: =AC76 -> 0.033065789 | AD85: =AD76 -> 0.065388761 | AE85: =AE67 -> 0.12930858 | AF85: =AE76 -> 44.9532 | AG85: =AG76 -> 0.50568 | AH85: =AH76 -> 1 | AJ85: 29 | AK85: =(($AK$107-$AK$57)/($AJ$107-1))+AK84 -> 0.6412336 | AL85: =IF(AK85="","",$AL$37*(AK85^6)+$AL$38*(AK85^5)+$AL$39*(AK85^4)+$AL$40*(AK85^3)+$AL$41*(AK85^2)+$AL$42*(AK85^1)+$AL$43) -> 27.456512 | AN85: 4 | AO85: =AO76 -> 8.2520847e+09 | AP85: =AP76 -> 1.8357057e+08 | AQ85: =AQ76 -> 4083593 | AR85: =AR67 -> 90840.986 | AS85: =AR76 -> 0.50568 | AT85: =AT76 -> 44.9532 | AU85: =AU76 -> 1 | AW85: 29 | AX85: =(($AX$107-$AX$57)/($AW$107-1))+AX84 -> 43.654552 | AY85: =IF(AX85="","",$AY$37*(AX85^6)+$AY$38*(AX85^5)+$AY$39*(AX85^4)+$AY$40*(AX85^3)+$AY$41*(AX85^2)+$AY$42*(AX85^1)+$AY$43) -> 0.51514151 | AZ85: =AY85-AY84 -> -0.005489225 | BA85: 4 | BB85: =BB76 -> 15625 | BC85: =BC76 -> 3125 | BD85: =BD76 -> 625 | BE85: =BE67 -> 125 | BF85: =BE76 -> 8.412952 | BG85: =BG76 -> 5 | BH85: =BH76 -> 1 | BJ85: 29 | BK85: =(($BK$107-$BK$57)/($BJ$107-1))+BK84 -> 6.36 | BL85: =IF(BK85="","",$BL$37*(BK85^6)+$BL$38*(BK85^5)+$BL$39*(BK85^4)+$BL$40*(BK85^3)+$BL$41*(BK85^2)+$BL$42*(BK85^1)+$BL$43) -> 10.873515
A86: 5 | B86: =B77 -> 0.046772762 | C86: =C77 -> 0.077922135 | D86: =D77 -> 0.12981614 | E86: =E68 -> 0.21627011 | F86: =E77 -> 6 | G86: =G77 -> 0.60025 | H86: =H77 -> 1 | J86: 30 | K86: =(($K$107-$K$57)/($J$107-1))+K85 -> 0.6519548 | L86: =IF(K86="","",$L$37*(K86^6)+$L$38*(K86^5)+$L$39*(K86^4)+$L$40*(K86^3)+$L$41*(K86^2)+$L$42*(K86^1)+$L$43) -> 6.6014156 | N86: 5 | O86: =O77 -> 46656 | P86: =P77 -> 7776 | Q86: =Q77 -> 1296 | R86: =R68 -> 216 | S86: =R77 -> 323.72321 | T86: =T77 -> 6 | U86: =U77 -> 1 | W86: 30 | X86: =(($X$107-$X$57)/($W$107-1))+X85 -> 6.48 | Y86: =IF(X86="","",$Y$37*(X86^6)+$Y$38*(X86^5)+$Y$39*(X86^4)+$Y$40*(X86^3)+$Y$41*(X86^2)+$Y$42*(X86^1)+$Y$43) -> 302.88268 | AA86: 5 | AB86: =AB77 -> 0.046772762 | AC86: =AC77 -> 0.077922135 | AD86: =AD77 -> 0.12981614 | AE86: =AE68 -> 0.21627011 | AF86: =AE77 -> 30.855377 | AG86: =AG77 -> 0.60025 | AH86: =AH77 -> 1 | AJ86: 30 | AK86: =(($AK$107-$AK$57)/($AJ$107-1))+AK85 -> 0.6519548 | AL86: =IF(AK86="","",$AL$37*(AK86^6)+$AL$38*(AK86^5)+$AL$39*(AK86^4)+$AL$40*(AK86^3)+$AL$41*(AK86^2)+$AL$42*(AK86^1)+$AL$43) -> 26.976422 | AN86: 5 | AO86: =AO77 -> 8.6294903e+08 | AP86: =AP77 -> 27967541 | AQ86: =AQ77 -> 906407.37 | AR86: =AR68 -> 29375.994 | AS86: =AR77 -> 0.60025 | AT86: =AT77 -> 30.855377 | AU86: =AU77 -> 1 | AW86: 30 | AX86: =(($AX$107-$AX$57)/($AW$107-1))+AX85 -> 44.678486 | AY86: =IF(AX86="","",$AY$37*(AX86^6)+$AY$38*(AX86^5)+$AY$39*(AX86^4)+$AY$40*(AX86^3)+$AY$41*(AX86^2)+$AY$42*(AX86^1)+$AY$43) -> 0.50795648 | AZ86: =AY86-AY85 -> -0.0071850254 | BA86: 5 | BB86: =BB77 -> 46656 | BC86: =BC77 -> 7776 | BD86: =BD77 -> 1296 | BE86: =BE68 -> 216 | BF86: =BE77 -> 10.49163 | BG86: =BG77 -> 6 | BH86: =BH77 -> 1 | BJ86: 30 | BK86: =(($BK$107-$BK$57)/($BJ$107-1))+BK85 -> 6.48 | BL86: =IF(BK86="","",$BL$37*(BK86^6)+$BL$38*(BK86^5)+$BL$39*(BK86^4)+$BL$40*(BK86^3)+$BL$41*(BK86^2)+$BL$42*(BK86^1)+$BL$43) -> 10.921764
A87: 6 | B87: =B78 -> 0.10244458 | C87: =C78 -> 0.14976402 | D87: =D78 -> 0.21894044 | E87: =E69 -> 0.32006965 | F87: =E78 -> 7 | G87: =G78 -> 0.68404 | H87: =H78 -> 1 | J87: 31 | K87: =(($K$107-$K$57)/($J$107-1))+K86 -> 0.662676 | L87: =IF(K87="","",$L$37*(K87^6)+$L$38*(K87^5)+$L$39*(K87^4)+$L$40*(K87^3)+$L$41*(K87^2)+$L$42*(K87^1)+$L$43) -> 6.733486 | N87: 6 | O87: =O78 -> 117649 | P87: =P78 -> 16807 | Q87: =Q78 -> 2401 | R87: =R69 -> 343 | S87: =R78 -> 283.32174 | T87: =T78 -> 7 | U87: =U78 -> 1 | W87: 31 | X87: =(($X$107-$X$57)/($W$107-1))+X86 -> 6.6 | Y87: =IF(X87="","",$Y$37*(X87^6)+$Y$38*(X87^5)+$Y$39*(X87^4)+$Y$40*(X87^3)+$Y$41*(X87^2)+$Y$42*(X87^1)+$Y$43) -> 298.11582 | AA87: 6 | AB87: =AB78 -> 0.10244458 | AC87: =AC78 -> 0.14976402 | AD87: =AD78 -> 0.21894044 | AE87: =AE69 -> 0.32006965 | AF87: =AE78 -> 26.2227 | AG87: =AG78 -> 0.68404 | AH87: =AH78 -> 1 | AJ87: 31 | AK87: =(($AK$107-$AK$57)/($AJ$107-1))+AK86 -> 0.662676 | AL87: =IF(AK87="","",$AL$37*(AK87^6)+$AL$38*(AK87^5)+$AL$39*(AK87^4)+$AL$40*(AK87^3)+$AL$41*(AK87^2)+$AL$42*(AK87^1)+$AL$43) -> 26.632017 | AN87: 6 | AO87: =AO78 -> 3.2513554e+08 | AP87: =AP78 -> 12399011 | AQ87: =AQ78 -> 472835.01 | AR87: =AR69 -> 18031.515 | AS87: =AR78 -> 0.68404 | AT87: =AT78 -> 26.2227 | AU87: =AU78 -> 1 | AW87: 31 | AX87: =(($AX$107-$AX$57)/($AW$107-1))+AX86 -> 45.70242 | AY87: =IF(AX87="","",$AY$37*(AX87^6)+$AY$38*(AX87^5)+$AY$39*(AX87^4)+$AY$40*(AX87^3)+$AY$41*(AX87^2)+$AY$42*(AX87^1)+$AY$43) -> 0.49861295 | AZ87: =AY87-AY86 -> -0.0093435366 | BA87: 6 | BB87: =BB78 -> 117649 | BC87: =BC78 -> 16807 | BD87: =BD78 -> 2401 | BE87: =BE69 -> 343 | BF87: =BE78 -> 10.804446 | BG87: =BG78 -> 7 | BH87: =BH78 -> 1 | BJ87: 31 | BK87: =(($BK$107-$BK$57)/($BJ$107-1))+BK86 -> 6.6 | BL87: =IF(BK87="","",$BL$37*(BK87^6)+$BL$38*(BK87^5)+$BL$39*(BK87^4)+$BL$40*(BK87^3)+$BL$41*(BK87^2)+$BL$42*(BK87^1)+$BL$43) -> 10.934491
A88: 7 | B88: =B79 -> 0.2112807 | C88: =C79 -> 0.27376832 | D88: =D79 -> 0.35473705 | E88: =E70 -> 0.4596528 | F88: =E79 -> 8 | G88: =G79 -> 0.77175 | H88: =H79 -> 1 | J88: 32 | K88: =(($K$107-$K$57)/($J$107-1))+K87 -> 0.6733972 | L88: =IF(K88="","",$L$37*(K88^6)+$L$38*(K88^5)+$L$39*(K88^4)+$L$40*(K88^3)+$L$41*(K88^2)+$L$42*(K88^1)+$L$43) -> 6.8669403 | N88: 7 | O88: =O79 -> 262144 | P88: =P79 -> 32768 | Q88: =Q79 -> 4096 | R88: =R70 -> 512 | S88: =R79 -> 251.78472 | T88: =T79 -> 8 | U88: =U79 -> 1 | W88: 32 | X88: =(($X$107-$X$57)/($W$107-1))+X87 -> 6.72 | Y88: =IF(X88="","",$Y$37*(X88^6)+$Y$38*(X88^5)+$Y$39*(X88^4)+$Y$40*(X88^3)+$Y$41*(X88^2)+$Y$42*(X88^1)+$Y$43) -> 293.50812 | AA88: 7 | AB88: =AB79 -> 0.2112807 | AC88: =AC79 -> 0.27376832 | AD88: =AD79 -> 0.35473705 | AE88: =AE70 -> 0.4596528 | AF88: =AE79 -> 22.039555 | AG88: =AG79 -> 0.77175 | AH88: =AH79 -> 1 | AJ88: 32 | AK88: =(($AK$107-$AK$57)/($AJ$107-1))+AK87 -> 0.6733972 | AL88: =IF(AK88="","",$AL$37*(AK88^6)+$AL$38*(AK88^5)+$AL$39*(AK88^4)+$AL$40*(AK88^3)+$AL$41*(AK88^2)+$AL$42*(AK88^1)+$AL$43) -> 26.392671 | AN88: 7 | AO88: =AO79 -> 1.1460853e+08 | AP88: =AP79 -> 5200128.9 | AQ88: =AQ79 -> 235945.28 | AR88: =AR70 -> 10705.537 | AS88: =AR79 -> 0.77175 | AT88: =AT79 -> 22.039555 | AU88: =AU79 -> 1 | AW88: 32 | AX88: =(($AX$107-$AX$57)/($AW$107-1))+AX87 -> 46.726354 | AY88: =IF(AX88="","",$AY$37*(AX88^6)+$AY$38*(AX88^5)+$AY$39*(AX88^4)+$AY$40*(AX88^3)+$AY$41*(AX88^2)+$AY$42*(AX88^1)+$AY$43) -> 0.48668685 | AZ88: =AY88-AY87 -> -0.011926091 | BA88: 7 | BB88: =BB79 -> 262144 | BC88: =BC79 -> 32768 | BD88: =BD79 -> 4096 | BE88: =BE70 -> 512 | BF88: =BE79 -> 11.42422 | BG88: =BG79 -> 8 | BH88: =BH79 -> 1 | BJ88: 32 | BK88: =(($BK$107-$BK$57)/($BJ$107-1))+BK87 -> 6.72 | BL88: =IF(BK88="","",$BL$37*(BK88^6)+$BL$38*(BK88^5)+$BL$39*(BK88^4)+$BL$40*(BK88^3)+$BL$41*(BK88^2)+$BL$42*(BK88^1)+$BL$43) -> 10.917194
A89: 8 | B89: =B80 -> 0.45529687 | C89: =C80 -> 0.51909346 | D89: =D80 -> 0.59182928 | E89: =E71 -> 0.6747569 | F89: =E80 -> 9 | G89: =G80 -> 0.8771 | H89: =H80 -> 1 | J89: 33 | K89: =(($K$107-$K$57)/($J$107-1))+K88 -> 0.6841184 | L89: =IF(K89="","",$L$37*(K89^6)+$L$38*(K89^5)+$L$39*(K89^4)+$L$40*(K89^3)+$L$41*(K89^2)+$L$42*(K89^1)+$L$43) -> 7.0009802 | N89: 8 | O89: =O80 -> 531441 | P89: =P80 -> 59049 | Q89: =Q80 -> 6561 | R89: =R71 -> 729 | S89: =R80 -> 226.19792 | T89: =T80 -> 9 | U89: =U80 -> 1 | W89: 33 | X89: =(($X$107-$X$57)/($W$107-1))+X88 -> 6.84 | Y89: =IF(X89="","",$Y$37*(X89^6)+$Y$38*(X89^5)+$Y$39*(X89^4)+$Y$40*(X89^3)+$Y$41*(X89^2)+$Y$42*(X89^1)+$Y$43) -> 289.05003 | AA89: 8 | AB89: =AB80 -> 0.45529687 | AC89: =AC80 -> 0.51909346 | AD89: =AD80 -> 0.59182928 | AE89: =AE71 -> 0.6747569 | AF89: =AE80 -> 14.9844 | AG89: =AG80 -> 0.8771 | AH89: =AH80 -> 1 | AJ89: 33 | AK89: =(($AK$107-$AK$57)/($AJ$107-1))+AK88 -> 0.6841184 | AL89: =IF(AK89="","",$AL$37*(AK89^6)+$AL$38*(AK89^5)+$AL$39*(AK89^4)+$AL$40*(AK89^3)+$AL$41*(AK89^2)+$AL$42*(AK89^1)+$AL$43) -> 26.221599 | AN89: 8 | AO89: =AO80 -> 11319732 | AP89: =AP80 -> 755434.45 | AQ89: =AQ80 -> 50414.728 | AR89: =AR71 -> 3364.4809 | AS89: =AR80 -> 0.8771 | AT89: =AT80 -> 14.9844 | AU89: =AU80 -> 1 | AW89: 33 | AX89: =(($AX$107-$AX$57)/($AW$107-1))+AX88 -> 47.750288 | AY89: =IF(AX89="","",$AY$37*(AX89^6)+$AY$38*(AX89^5)+$AY$39*(AX89^4)+$AY$40*(AX89^3)+$AY$41*(AX89^2)+$AY$42*(AX89^1)+$AY$43) -> 0.47181308 | AZ89: =AY89-AY88 -> -0.014873772 | BA89: 8 | BB89: =BB80 -> 531441 | BC89: =BC80 -> 59049 | BD89: =BD80 -> 6561 | BE89: =BE71 -> 729 | BF89: =BE80 -> 15.09556 | BG89: =BG80 -> 9 | BH89: =BH80 -> 1 | BJ89: 33 | BK89: =(($BK$107-$BK$57)/($BJ$107-1))+BK88 -> 6.84 | BL89: =IF(BK89="","",$BL$37*(BK89^6)+$BL$38*(BK89^5)+$BL$39*(BK89^4)+$BL$40*(BK89^3)+$BL$41*(BK89^2)+$BL$42*(BK89^1)+$BL$43) -> 10.877235
J90: 34 | K90: =(($K$107-$K$57)/($J$107-1))+K89 -> 0.6948396 | L90: =IF(K90="","",$L$37*(K90^6)+$L$38*(K90^5)+$L$39*(K90^4)+$L$40*(K90^3)+$L$41*(K90^2)+$L$42*(K90^1)+$L$43) -> 7.1347006 | W90: 34 | X90: =(($X$107-$X$57)/($W$107-1))+X89 -> 6.96 | Y90: =IF(X90="","",$Y$37*(X90^6)+$Y$38*(X90^5)+$Y$39*(X90^4)+$Y$40*(X90^3)+$Y$41*(X90^2)+$Y$42*(X90^1)+$Y$43) -> 284.73179 | AJ90: 34 | AK90: =(($AK$107-$AK$57)/($AJ$107-1))+AK89 -> 0.6948396 | AL90: =IF(AK90="","",$AL$37*(AK90^6)+$AL$38*(AK90^5)+$AL$39*(AK90^4)+$AL$40*(AK90^3)+$AL$41*(AK90^2)+$AL$42*(AK90^1)+$AL$43) -> 26.07726 | AW90: 34 | AX90: =(($AX$107-$AX$57)/($AW$107-1))+AX89 -> 48.774222 | AY90: =IF(AX90="","",$AY$37*(AX90^6)+$AY$38*(AX90^5)+$AY$39*(AX90^4)+$AY$40*(AX90^3)+$AY$41*(AX90^2)+$AY$42*(AX90^1)+$AY$43) -> 0.45370736 | AZ90: =AY90-AY89 -> -0.01810572 | BJ90: 34 | BK90: =(($BK$107-$BK$57)/($BJ$107-1))+BK89 -> 6.96 | BL90: =IF(BK90="","",$BL$37*(BK90^6)+$BL$38*(BK90^5)+$BL$39*(BK90^4)+$BL$40*(BK90^3)+$BL$41*(BK90^2)+$BL$42*(BK90^1)+$BL$43) -> 10.823607
A91: m\x^n | B91: 6 | C91: 5 | D91: 4 | E91: 3 | F91: 2 | G91: 1 | H91: 0 | J91: 35 | K91: =(($K$107-$K$57)/($J$107-1))+K90 -> 0.7055608 | L91: =IF(K91="","",$L$37*(K91^6)+$L$38*(K91^5)+$L$39*(K91^4)+$L$40*(K91^3)+$L$41*(K91^2)+$L$42*(K91^1)+$L$43) -> 7.2671245 | N91: m\x^n | O91: 6 | P91: 5 | Q91: 4 | R91: 3 | S91: 2 | T91: 1 | U91: 0 | W91: 35 | X91: =(($X$107-$X$57)/($W$107-1))+X90 -> 7.08 | Y91: =IF(X91="","",$Y$37*(X91^6)+$Y$38*(X91^5)+$Y$39*(X91^4)+$Y$40*(X91^3)+$Y$41*(X91^2)+$Y$42*(X91^1)+$Y$43) -> 280.54353 | AA91: m\x^n | AB91: 6 | AC91: 5 | AD91: 4 | AE91: 3 | AF91: 2 | AG91: 1 | AH91: 0 | AJ91: 35 | AK91: =(($AK$107-$AK$57)/($AJ$107-1))+AK90 -> 0.7055608 | AL91: =IF(AK91="","",$AL$37*(AK91^6)+$AL$38*(AK91^5)+$AL$39*(AK91^4)+$AL$40*(AK91^3)+$AL$41*(AK91^2)+$AL$42*(AK91^1)+$AL$43) -> 25.915066 | AN91: m\x^n | AO91: 6 | AP91: 5 | AQ91: 4 | AR91: 3 | AS91: 2 | AT91: 1 | AU91: 0 | AW91: 35 | AX91: =(($AX$107-$AX$57)/($AW$107-1))+AX90 -> 49.798156 | AY91: =IF(AX91="","",$AY$37*(AX91^6)+$AY$38*(AX91^5)+$AY$39*(AX91^4)+$AY$40*(AX91^3)+$AY$41*(AX91^2)+$AY$42*(AX91^1)+$AY$43) -> 0.43218993 | AZ91: =AY91-AY90 -> -0.021517429 | BA91: m\x^n | BB91: 6 | BC91: 5 | BD91: 4 | BE91: 3 | BF91: 2 | BG91: 1 | BH91: 0 | BJ91: 35 | BK91: =(($BK$107-$BK$57)/($BJ$107-1))+BK90 -> 7.08 | BL91: =IF(BK91="","",$BL$37*(BK91^6)+$BL$38*(BK91^5)+$BL$39*(BK91^4)+$BL$40*(BK91^3)+$BL$41*(BK91^2)+$BL$42*(BK91^1)+$BL$43) -> 10.766638
A92: 2 | B92: =B83 -> 0.0015733738 | C92: =C83 -> 0.0046134583 | D92: =D83 -> 0.013527616 | E92: =E83 -> 0.039665776 | F92: =F74 -> 0.11630828 | G92: =F83 -> 3 | H92: =H83 -> 1 | I92: =IF($B$4=7,MDETERM(B92:H98),IF($B$4=6,MDETERM(C92:H97),IF($B$4=5,MDETERM(D92:H96),IF($B$4=4,MDETERM(E92:H95),IF($B$4=3,MDETERM(F92:H94),"ERRO"))))) -> 4.3691771e-12 | J92: 36 | K92: =(($K$107-$K$57)/($J$107-1))+K91 -> 0.716282 | L92: =IF(K92="","",$L$37*(K92^6)+$L$38*(K92^5)+$L$39*(K92^4)+$L$40*(K92^3)+$L$41*(K92^2)+$L$42*(K92^1)+$L$43) -> 7.3972436 | N92: 2 | O92: =O83 -> 729 | P92: =P83 -> 243 | Q92: =Q83 -> 81 | R92: =R83 -> 27 | S92: =S74 -> 9 | T92: =S83 -> 566.77141 | U92: =U83 -> 1 | V92: =IF($B$4=7,MDETERM(O92:U98),IF($B$4=6,MDETERM(P92:U97),IF($B$4=5,MDETERM(Q92:U96),IF($B$4=4,MDETERM(R92:U95),IF($B$4=3,MDETERM(S92:U94),"ERRO"))))) -> 2.906908e+10 | W92: 36 | X92: =(($X$107-$X$57)/($W$107-1))+X91 -> 7.2 | Y92: =IF(X92="","",$Y$37*(X92^6)+$Y$38*(X92^5)+$Y$39*(X92^4)+$Y$40*(X92^3)+$Y$41*(X92^2)+$Y$42*(X92^1)+$Y$43) -> 276.47544 | AA92: 2 | AB92: =AB83 -> 0.0015733738 | AC92: =AC83 -> 0.0046134583 | AD92: =AD83 -> 0.013527616 | AE92: =AE83 -> 0.039665776 | AF92: =AF74 -> 0.11630828 | AG92: =AF83 -> 66.1811 | AH92: =AH83 -> 1 | AI92: =IF($B$4=7,MDETERM(AB92:AH98),IF($B$4=6,MDETERM(AC92:AH97),IF($B$4=5,MDETERM(AD92:AH96),IF($B$4=4,MDETERM(AE92:AH95),IF($B$4=3,MDETERM(AF92:AH94),"ERRO"))))) -> 2.1302246e-10 | AJ92: 36 | AK92: =(($AK$107-$AK$57)/($AJ$107-1))+AK91 -> 0.716282 | AL92: =IF(AK92="","",$AL$37*(AK92^6)+$AL$38*(AK92^5)+$AL$39*(AK92^4)+$AL$40*(AK92^3)+$AL$41*(AK92^2)+$AL$42*(AK92^1)+$AL$43) -> 25.689378 | AN92: 2 | AO92: =AO83 -> 8.4024104e+10 | AP92: =AP83 -> 1.2696087e+09 | AQ92: =AQ83 -> 19183857 | AR92: =AR83 -> 289869.11 | AS92: =AS74 -> 4379.938 | AT92: =AS83 -> 0.34104 | AU92: =AU83 -> 1 | AV92: =IF($B$4=7,MDETERM(AO92:AU98),IF($B$4=6,MDETERM(AP92:AU97),IF($B$4=5,MDETERM(AQ92:AU96),IF($B$4=4,MDETERM(AR92:AU95),IF($B$4=3,MDETERM(AS92:AU94),"ERRO"))))) -> -1.6706733e+25 | AW92: 36 | AX92: =(($AX$107-$AX$57)/($AW$107-1))+AX91 -> 50.82209 | AY92: =IF(AX92="","",$AY$37*(AX92^6)+$AY$38*(AX92^5)+$AY$39*(AX92^4)+$AY$40*(AX92^3)+$AY$41*(AX92^2)+$AY$42*(AX92^1)+$AY$43) -> 0.40721088 | AZ92: =AY92-AY91 -> -0.024979051 | BA92: 2 | BB92: =BB83 -> 729 | BC92: =BC83 -> 243 | BD92: =BD83 -> 81 | BE92: =BE83 -> 27 | BF92: =BF74 -> 9 | BG92: =BF83 -> 8.5639466 | BH92: =BH83 -> 1 | BI92: =IF($B$4=7,MDETERM(BB92:BH98),IF($B$4=6,MDETERM(BC92:BH97),IF($B$4=5,MDETERM(BD92:BH96),IF($B$4=4,MDETERM(BE92:BH95),IF($B$4=3,MDETERM(BF92:BH94),"ERRO"))))) -> -3.0156466e+10 | BJ92: 36 | BK92: =(($BK$107-$BK$57)/($BJ$107-1))+BK91 -> 7.2 | BL92: =IF(BK92="","",$BL$37*(BK92^6)+$BL$38*(BK92^5)+$BL$39*(BK92^4)+$BL$40*(BK92^3)+$BL$41*(BK92^2)+$BL$42*(BK92^1)+$BL$43) -> 10.717644
A93: 3 | B93: =B84 -> 0.0062119049 | C93: =C84 -> 0.014488408 | D93: =D84 -> 0.033792205 | E93: =E84 -> 0.078815639 | F93: =F75 -> 0.18382656 | G93: =F84 -> 4 | H93: =H84 -> 1 | J93: 37 | K93: =(($K$107-$K$57)/($J$107-1))+K92 -> 0.7270032 | L93: =IF(K93="","",$L$37*(K93^6)+$L$38*(K93^5)+$L$39*(K93^4)+$L$40*(K93^3)+$L$41*(K93^2)+$L$42*(K93^1)+$L$43) -> 7.5240653 | N93: 3 | O93: =O84 -> 4096 | P93: =P84 -> 1024 | Q93: =Q84 -> 256 | R93: =R84 -> 64 | S93: =S75 -> 16 | T93: =S84 -> 453.2125 | U93: =U84 -> 1 | W93: 37 | X93: =(($X$107-$X$57)/($W$107-1))+X92 -> 7.32 | Y93: =IF(X93="","",$Y$37*(X93^6)+$Y$38*(X93^5)+$Y$39*(X93^4)+$Y$40*(X93^3)+$Y$41*(X93^2)+$Y$42*(X93^1)+$Y$43) -> 272.51791 | AA93: 3 | AB93: =AB84 -> 0.0062119049 | AC93: =AC84 -> 0.014488408 | AD93: =AD84 -> 0.033792205 | AE93: =AE84 -> 0.078815639 | AF93: =AF75 -> 0.18382656 | AG93: =AF84 -> 49.948 | AH93: =AH84 -> 1 | AJ93: 37 | AK93: =(($AK$107-$AK$57)/($AJ$107-1))+AK92 -> 0.7270032 | AL93: =IF(AK93="","",$AL$37*(AK93^6)+$AL$38*(AK93^5)+$AL$39*(AK93^4)+$AL$40*(AK93^3)+$AL$41*(AK93^2)+$AL$42*(AK93^1)+$AL$43) -> 25.355791 | AN93: 3 | AO93: =AO84 -> 1.5527753e+10 | AP93: =AP84 -> 3.1087838e+08 | AQ93: =AQ84 -> 6224040.5 | AR93: =AR84 -> 124610.41 | AS93: =AS75 -> 2494.8027 | AT93: =AS84 -> 0.42875 | AU93: =AU84 -> 1 | AW93: 37 | AX93: =(($AX$107-$AX$57)/($AW$107-1))+AX92 -> 51.846024 | AY93: =IF(AX93="","",$AY$37*(AX93^6)+$AY$38*(AX93^5)+$AY$39*(AX93^4)+$AY$40*(AX93^3)+$AY$41*(AX93^2)+$AY$42*(AX93^1)+$AY$43) -> 0.37887719 | AZ93: =AY93-AY92 -> -0.028333697 | BA93: 3 | BB93: =BB84 -> 4096 | BC93: =BC84 -> 1024 | BD93: =BD84 -> 256 | BE93: =BE84 -> 64 | BF93: =BF75 -> 16 | BG93: =BF84 -> 9.0736866 | BH93: =BH84 -> 1 | BJ93: 37 | BK93: =(($BK$107-$BK$57)/($BJ$107-1))+BK92 -> 7.32 | BL93: =IF(BK93="","",$BL$37*(BK93^6)+$BL$38*(BK93^5)+$BL$39*(BK93^4)+$BL$40*(BK93^3)+$BL$41*(BK93^2)+$BL$42*(BK93^1)+$BL$43) -> 10.688504
A94: 4 | B94: =B85 -> 0.016720708 | C94: =C85 -> 0.033065789 | D94: =D85 -> 0.065388761 | E94: =E85 -> 0.12930858 | F94: =F76 -> 0.25571226 | G94: =F85 -> 5 | H94: =H85 -> 1 | J94: 38 | K94: =(($K$107-$K$57)/($J$107-1))+K93 -> 0.7377244 | L94: =IF(K94="","",$L$37*(K94^6)+$L$38*(K94^5)+$L$39*(K94^4)+$L$40*(K94^3)+$L$41*(K94^2)+$L$42*(K94^1)+$L$43) -> 7.6466656 | N94: 4 | O94: =O85 -> 15625 | P94: =P85 -> 3125 | Q94: =Q85 -> 625 | R94: =R85 -> 125 | S94: =S76 -> 25 | T94: =S85 -> 378.18911 | U94: =U85 -> 1 | W94: 38 | X94: =(($X$107-$X$57)/($W$107-1))+X93 -> 7.44 | Y94: =IF(X94="","",$Y$37*(X94^6)+$Y$38*(X94^5)+$Y$39*(X94^4)+$Y$40*(X94^3)+$Y$41*(X94^2)+$Y$42*(X94^1)+$Y$43) -> 268.66175 | AA94: 4 | AB94: =AB85 -> 0.016720708 | AC94: =AC85 -> 0.033065789 | AD94: =AD85 -> 0.065388761 | AE94: =AE85 -> 0.12930858 | AF94: =AF76 -> 0.25571226 | AG94: =AF85 -> 44.9532 | AH94: =AH85 -> 1 | AJ94: 38 | AK94: =(($AK$107-$AK$57)/($AJ$107-1))+AK93 -> 0.7377244 | AL94: =IF(AK94="","",$AL$37*(AK94^6)+$AL$38*(AK94^5)+$AL$39*(AK94^4)+$AL$40*(AK94^3)+$AL$41*(AK94^2)+$AL$42*(AK94^1)+$AL$43) -> 24.873723 | AN94: 4 | AO94: =AO85 -> 8.2520847e+09 | AP94: =AP85 -> 1.8357057e+08 | AQ94: =AQ85 -> 4083593 | AR94: =AR85 -> 90840.986 | AS94: =AS76 -> 2020.7902 | AT94: =AS85 -> 0.50568 | AU94: =AU85 -> 1 | AW94: 38 | AX94: =(($AX$107-$AX$57)/($AW$107-1))+AX93 -> 52.869958 | AY94: =IF(AX94="","",$AY$37*(AX94^6)+$AY$38*(AX94^5)+$AY$39*(AX94^4)+$AY$40*(AX94^3)+$AY$41*(AX94^2)+$AY$42*(AX94^1)+$AY$43) -> 0.34748145 | AZ94: =AY94-AY93 -> -0.031395738 | BA94: 4 | BB94: =BB85 -> 15625 | BC94: =BC85 -> 3125 | BD94: =BD85 -> 625 | BE94: =BE85 -> 125 | BF94: =BF76 -> 25 | BG94: =BF85 -> 8.412952 | BH94: =BH85 -> 1 | BJ94: 38 | BK94: =(($BK$107-$BK$57)/($BJ$107-1))+BK93 -> 7.44 | BL94: =IF(BK94="","",$BL$37*(BK94^6)+$BL$38*(BK94^5)+$BL$39*(BK94^4)+$BL$40*(BK94^3)+$BL$41*(BK94^2)+$BL$42*(BK94^1)+$BL$43) -> 10.691184
A95: 5 | B95: =B86 -> 0.046772762 | C95: =C86 -> 0.077922135 | D95: =D86 -> 0.12981614 | E95: =E86 -> 0.21627011 | F95: =F77 -> 0.36030006 | G95: =F86 -> 6 | H95: =H86 -> 1 | J95: 39 | K95: =(($K$107-$K$57)/($J$107-1))+K94 -> 0.7484456 | L95: =IF(K95="","",$L$37*(K95^6)+$L$38*(K95^5)+$L$39*(K95^4)+$L$40*(K95^3)+$L$41*(K95^2)+$L$42*(K95^1)+$L$43) -> 7.7642478 | N95: 5 | O95: =O86 -> 46656 | P95: =P86 -> 7776 | Q95: =Q86 -> 1296 | R95: =R86 -> 216 | S95: =S77 -> 36 | T95: =S86 -> 323.72321 | U95: =U86 -> 1 | W95: 39 | X95: =(($X$107-$X$57)/($W$107-1))+X94 -> 7.56 | Y95: =IF(X95="","",$Y$37*(X95^6)+$Y$38*(X95^5)+$Y$39*(X95^4)+$Y$40*(X95^3)+$Y$41*(X95^2)+$Y$42*(X95^1)+$Y$43) -> 264.89841 | AA95: 5 | AB95: =AB86 -> 0.046772762 | AC95: =AC86 -> 0.077922135 | AD95: =AD86 -> 0.12981614 | AE95: =AE86 -> 0.21627011 | AF95: =AF77 -> 0.36030006 | AG95: =AF86 -> 30.855377 | AH95: =AH86 -> 1 | AJ95: 39 | AK95: =(($AK$107-$AK$57)/($AJ$107-1))+AK94 -> 0.7484456 | AL95: =IF(AK95="","",$AL$37*(AK95^6)+$AL$38*(AK95^5)+$AL$39*(AK95^4)+$AL$40*(AK95^3)+$AL$41*(AK95^2)+$AL$42*(AK95^1)+$AL$43) -> 24.209281 | AN95: 5 | AO95: =AO86 -> 8.6294903e+08 | AP95: =AP86 -> 27967541 | AQ95: =AQ86 -> 906407.37 | AR95: =AR86 -> 29375.994 | AS95: =AS77 -> 952.05429 | AT95: =AS86 -> 0.60025 | AU95: =AU86 -> 1 | AW95: 39 | AX95: =(($AX$107-$AX$57)/($AW$107-1))+AX94 -> 53.893892 | AY95: =IF(AX95="","",$AY$37*(AX95^6)+$AY$38*(AX95^5)+$AY$39*(AX95^4)+$AY$40*(AX95^3)+$AY$41*(AX95^2)+$AY$42*(AX95^1)+$AY$43) -> 0.31353234 | AZ95: =AY95-AY94 -> -0.033949107 | BA95: 5 | BB95: =BB86 -> 46656 | BC95: =BC86 -> 7776 | BD95: =BD86 -> 1296 | BE95: =BE86 -> 216 | BF95: =BF77 -> 36 | BG95: =BF86 -> 10.49163 | BH95: =BH86 -> 1 | BJ95: 39 | BK95: =(($BK$107-$BK$57)/($BJ$107-1))+BK94 -> 7.56 | BL95: =IF(BK95="","",$BL$37*(BK95^6)+$BL$38*(BK95^5)+$BL$39*(BK95^4)+$BL$40*(BK95^3)+$BL$41*(BK95^2)+$BL$42*(BK95^1)+$BL$43) -> 10.737194
A96: 6 | B96: =B87 -> 0.10244458 | C96: =C87 -> 0.14976402 | D96: =D87 -> 0.21894044 | E96: =E87 -> 0.32006965 | F96: =F78 -> 0.46791072 | G96: =F87 -> 7 | H96: =H87 -> 1 | J96: 40 | K96: =(($K$107-$K$57)/($J$107-1))+K95 -> 0.7591668 | L96: =IF(K96="","",$L$37*(K96^6)+$L$38*(K96^5)+$L$39*(K96^4)+$L$40*(K96^3)+$L$41*(K96^2)+$L$42*(K96^1)+$L$43) -> 7.8762078 | N96: 6 | O96: =O87 -> 117649 | P96: =P87 -> 16807 | Q96: =Q87 -> 2401 | R96: =R87 -> 343 | S96: =S78 -> 49 | T96: =S87 -> 283.32174 | U96: =U87 -> 1 | W96: 40 | X96: =(($X$107-$X$57)/($W$107-1))+X95 -> 7.68 | Y96: =IF(X96="","",$Y$37*(X96^6)+$Y$38*(X96^5)+$Y$39*(X96^4)+$Y$40*(X96^3)+$Y$41*(X96^2)+$Y$42*(X96^1)+$Y$43) -> 261.22026 | AA96: 6 | AB96: =AB87 -> 0.10244458 | AC96: =AC87 -> 0.14976402 | AD96: =AD87 -> 0.21894044 | AE96: =AE87 -> 0.32006965 | AF96: =AF78 -> 0.46791072 | AG96: =AF87 -> 26.2227 | AH96: =AH87 -> 1 | AJ96: 40 | AK96: =(($AK$107-$AK$57)/($AJ$107-1))+AK95 -> 0.7591668 | AL96: =IF(AK96="","",$AL$37*(AK96^6)+$AL$38*(AK96^5)+$AL$39*(AK96^4)+$AL$40*(AK96^3)+$AL$41*(AK96^2)+$AL$42*(AK96^1)+$AL$43) -> 23.338433 | AN96: 6 | AO96: =AO87 -> 3.2513554e+08 | AP96: =AP87 -> 12399011 | AQ96: =AQ87 -> 472835.01 | AR96: =AR87 -> 18031.515 | AS96: =AS78 -> 687.63 | AT96: =AS87 -> 0.68404 | AU96: =AU87 -> 1 | AW96: 40 | AX96: =(($AX$107-$AX$57)/($AW$107-1))+AX95 -> 54.917826 | AY96: =IF(AX96="","",$AY$37*(AX96^6)+$AY$38*(AX96^5)+$AY$39*(AX96^4)+$AY$40*(AX96^3)+$AY$41*(AX96^2)+$AY$42*(AX96^1)+$AY$43) -> 0.27778674 | AZ96: =AY96-AY95 -> -0.035745602 | BA96: 6 | BB96: =BB87 -> 117649 | BC96: =BC87 -> 16807 | BD96: =BD87 -> 2401 | BE96: =BE87 -> 343 | BF96: =BF78 -> 49 | BG96: =BF87 -> 10.804446 | BH96: =BH87 -> 1 | BJ96: 40 | BK96: =(($BK$107-$BK$57)/($BJ$107-1))+BK95 -> 7.68 | BL96: =IF(BK96="","",$BL$37*(BK96^6)+$BL$38*(BK96^5)+$BL$39*(BK96^4)+$BL$40*(BK96^3)+$BL$41*(BK96^2)+$BL$42*(BK96^1)+$BL$43) -> 10.836984
A97: 7 | B97: =B88 -> 0.2112807 | C97: =C88 -> 0.27376832 | D97: =D88 -> 0.35473705 | E97: =E88 -> 0.4596528 | F97: =F79 -> 0.59559806 | G97: =F88 -> 8 | H97: =H88 -> 1 | J97: 41 | K97: =(($K$107-$K$57)/($J$107-1))+K96 -> 0.769888 | L97: =IF(K97="","",$L$37*(K97^6)+$L$38*(K97^5)+$L$39*(K97^4)+$L$40*(K97^3)+$L$41*(K97^2)+$L$42*(K97^1)+$L$43) -> 7.9822048 | N97: 7 | O97: =O88 -> 262144 | P97: =P88 -> 32768 | Q97: =Q88 -> 4096 | R97: =R88 -> 512 | S97: =S79 -> 64 | T97: =S88 -> 251.78472 | U97: =U88 -> 1 | W97: 41 | X97: =(($X$107-$X$57)/($W$107-1))+X96 -> 7.8 | Y97: =IF(X97="","",$Y$37*(X97^6)+$Y$38*(X97^5)+$Y$39*(X97^4)+$Y$40*(X97^3)+$Y$41*(X97^2)+$Y$42*(X97^1)+$Y$43) -> 257.6209 | AA97: 7 | AB97: =AB88 -> 0.2112807 | AC97: =AC88 -> 0.27376832 | AD97: =AD88 -> 0.35473705 | AE97: =AE88 -> 0.4596528 | AF97: =AF79 -> 0.59559806 | AG97: =AF88 -> 22.039555 | AH97: =AH88 -> 1 | AJ97: 41 | AK97: =(($AK$107-$AK$57)/($AJ$107-1))+AK96 -> 0.769888 | AL97: =IF(AK97="","",$AL$37*(AK97^6)+$AL$38*(AK97^5)+$AL$39*(AK97^4)+$AL$40*(AK97^3)+$AL$41*(AK97^2)+$AL$42*(AK97^1)+$AL$43) -> 22.250465 | AN97: 7 | AO97: =AO88 -> 1.1460853e+08 | AP97: =AP88 -> 5200128.9 | AQ97: =AQ88 -> 235945.28 | AR97: =AR88 -> 10705.537 | AS97: =AS79 -> 485.74198 | AT97: =AS88 -> 0.77175 | AU97: =AU88 -> 1 | AW97: 41 | AX97: =(($AX$107-$AX$57)/($AW$107-1))+AX96 -> 55.94176 | AY97: =IF(AX97="","",$AY$37*(AX97^6)+$AY$38*(AX97^5)+$AY$39*(AX97^4)+$AY$40*(AX97^3)+$AY$41*(AX97^2)+$AY$42*(AX97^1)+$AY$43) -> 0.24128355 | AZ97: =AY97-AY96 -> -0.036503185 | BA97: 7 | BB97: =BB88 -> 262144 | BC97: =BC88 -> 32768 | BD97: =BD88 -> 4096 | BE97: =BE88 -> 512 | BF97: =BF79 -> 64 | BG97: =BF88 -> 11.42422 | BH97: =BH88 -> 1 | BJ97: 41 | BK97: =(($BK$107-$BK$57)/($BJ$107-1))+BK96 -> 7.8 | BL97: =IF(BK97="","",$BL$37*(BK97^6)+$BL$38*(BK97^5)+$BL$39*(BK97^4)+$BL$40*(BK97^3)+$BL$41*(BK97^2)+$BL$42*(BK97^1)+$BL$43) -> 10.999274
A98: 8 | B98: =B89 -> 0.45529687 | C98: =C89 -> 0.51909346 | D98: =D89 -> 0.59182928 | E98: =E89 -> 0.6747569 | F98: =F80 -> 0.76930441 | G98: =F89 -> 9 | H98: =H89 -> 1 | J98: 42 | K98: =(($K$107-$K$57)/($J$107-1))+K97 -> 0.7806092 | L98: =IF(K98="","",$L$37*(K98^6)+$L$38*(K98^5)+$L$39*(K98^4)+$L$40*(K98^3)+$L$41*(K98^2)+$L$42*(K98^1)+$L$43) -> 8.0822385 | N98: 8 | O98: =O89 -> 531441 | P98: =P89 -> 59049 | Q98: =Q89 -> 6561 | R98: =R89 -> 729 | S98: =S80 -> 81 | T98: =S89 -> 226.19792 | U98: =U89 -> 1 | W98: 42 | X98: =(($X$107-$X$57)/($W$107-1))+X97 -> 7.92 | Y98: =IF(X98="","",$Y$37*(X98^6)+$Y$38*(X98^5)+$Y$39*(X98^4)+$Y$40*(X98^3)+$Y$41*(X98^2)+$Y$42*(X98^1)+$Y$43) -> 254.09547 | AA98: 8 | AB98: =AB89 -> 0.45529687 | AC98: =AC89 -> 0.51909346 | AD98: =AD89 -> 0.59182928 | AE98: =AE89 -> 0.6747569 | AF98: =AF80 -> 0.76930441 | AG98: =AF89 -> 14.9844 | AH98: =AH89 -> 1 | AJ98: 42 | AK98: =(($AK$107-$AK$57)/($AJ$107-1))+AK97 -> 0.7806092 | AL98: =IF(AK98="","",$AL$37*(AK98^6)+$AL$38*(AK98^5)+$AL$39*(AK98^4)+$AL$40*(AK98^3)+$AL$41*(AK98^2)+$AL$42*(AK98^1)+$AL$43) -> 20.951734 | AN98: 8 | AO98: =AO89 -> 11319732 | AP98: =AP89 -> 755434.45 | AQ98: =AQ89 -> 50414.728 | AR98: =AR89 -> 3364.4809 | AS98: =AS80 -> 224.53224 | AT98: =AS89 -> 0.8771 | AU98: =AU89 -> 1 | AW98: 42 | AX98: =(($AX$107-$AX$57)/($AW$107-1))+AX97 -> 56.965694 | AY98: =IF(AX98="","",$AY$37*(AX98^6)+$AY$38*(AX98^5)+$AY$39*(AX98^4)+$AY$40*(AX98^3)+$AY$41*(AX98^2)+$AY$42*(AX98^1)+$AY$43) -> 0.20537927 | AZ98: =AY98-AY97 -> -0.035904285 | BA98: 8 | BB98: =BB89 -> 531441 | BC98: =BC89 -> 59049 | BD98: =BD89 -> 6561 | BE98: =BE89 -> 729 | BF98: =BF80 -> 81 | BG98: =BF89 -> 15.09556 | BH98: =BH89 -> 1 | BJ98: 42 | BK98: =(($BK$107-$BK$57)/($BJ$107-1))+BK97 -> 7.92 | BL98: =IF(BK98="","",$BL$37*(BK98^6)+$BL$38*(BK98^5)+$BL$39*(BK98^4)+$BL$40*(BK98^3)+$BL$41*(BK98^2)+$BL$42*(BK98^1)+$BL$43) -> 11.230331
J99: 43 | K99: =(($K$107-$K$57)/($J$107-1))+K98 -> 0.7913304 | L99: =IF(K99="","",$L$37*(K99^6)+$L$38*(K99^5)+$L$39*(K99^4)+$L$40*(K99^3)+$L$41*(K99^2)+$L$42*(K99^1)+$L$43) -> 8.1767323 | W99: 43 | X99: =(($X$107-$X$57)/($W$107-1))+X98 -> 8.04 | Y99: =IF(X99="","",$Y$37*(X99^6)+$Y$38*(X99^5)+$Y$39*(X99^4)+$Y$40*(X99^3)+$Y$41*(X99^2)+$Y$42*(X99^1)+$Y$43) -> 250.64105 | AJ99: 43 | AK99: =(($AK$107-$AK$57)/($AJ$107-1))+AK98 -> 0.7913304 | AL99: =IF(AK99="","",$AL$37*(AK99^6)+$AL$38*(AK99^5)+$AL$39*(AK99^4)+$AL$40*(AK99^3)+$AL$41*(AK99^2)+$AL$42*(AK99^1)+$AL$43) -> 19.46971 | AW99: 43 | AX99: =(($AX$107-$AX$57)/($AW$107-1))+AX98 -> 57.989628 | AY99: =IF(AX99="","",$AY$37*(AX99^6)+$AY$38*(AX99^5)+$AY$39*(AX99^4)+$AY$40*(AX99^3)+$AY$41*(AX99^2)+$AY$42*(AX99^1)+$AY$43) -> 0.17178517 | AZ99: =AY99-AY98 -> -0.0335941 | BJ99: 43 | BK99: =(($BK$107-$BK$57)/($BJ$107-1))+BK98 -> 8.04 | BL99: =IF(BK99="","",$BL$37*(BK99^6)+$BL$38*(BK99^5)+$BL$39*(BK99^4)+$BL$40*(BK99^3)+$BL$41*(BK99^2)+$BL$42*(BK99^1)+$BL$43) -> 11.533169
A100: m\x^n | B100: 6 | C100: 5 | D100: 4 | E100: 3 | F100: 2 | G100: 1 | H100: 0 | J100: 44 | K100: =(($K$107-$K$57)/($J$107-1))+K99 -> 0.8020516 | L100: =IF(K100="","",$L$37*(K100^6)+$L$38*(K100^5)+$L$39*(K100^4)+$L$40*(K100^3)+$L$41*(K100^2)+$L$42*(K100^1)+$L$43) -> 8.2666221 | N100: m\x^n | O100: 6 | P100: 5 | Q100: 4 | R100: 3 | S100: 2 | T100: 1 | U100: 0 | W100: 44 | X100: =(($X$107-$X$57)/($W$107-1))+X99 -> 8.16 | Y100: =IF(X100="","",$Y$37*(X100^6)+$Y$38*(X100^5)+$Y$39*(X100^4)+$Y$40*(X100^3)+$Y$41*(X100^2)+$Y$42*(X100^1)+$Y$43) -> 247.25706 | AA100: m\x^n | AB100: 6 | AC100: 5 | AD100: 4 | AE100: 3 | AF100: 2 | AG100: 1 | AH100: 0 | AJ100: 44 | AK100: =(($AK$107-$AK$57)/($AJ$107-1))+AK99 -> 0.8020516 | AL100: =IF(AK100="","",$AL$37*(AK100^6)+$AL$38*(AK100^5)+$AL$39*(AK100^4)+$AL$40*(AK100^3)+$AL$41*(AK100^2)+$AL$42*(AK100^1)+$AL$43) -> 17.857317 | AN100: m\x^n | AO100: 6 | AP100: 5 | AQ100: 4 | AR100: 3 | AS100: 2 | AT100: 1 | AU100: 0 | AW100: 44 | AX100: =(($AX$107-$AX$57)/($AW$107-1))+AX99 -> 59.013562 | AY100: =IF(AX100="","",$AY$37*(AX100^6)+$AY$38*(AX100^5)+$AY$39*(AX100^4)+$AY$40*(AX100^3)+$AY$41*(AX100^2)+$AY$42*(AX100^1)+$AY$43) -> 0.14260627 | AZ100: =AY100-AY99 -> -0.029178897 | BA100: m\x^n | BB100: 6 | BC100: 5 | BD100: 4 | BE100: 3 | BF100: 2 | BG100: 1 | BH100: 0 | BJ100: 44 | BK100: =(($BK$107-$BK$57)/($BJ$107-1))+BK99 -> 8.16 | BL100: =IF(BK100="","",$BL$37*(BK100^6)+$BL$38*(BK100^5)+$BL$39*(BK100^4)+$BL$40*(BK100^3)+$BL$41*(BK100^2)+$BL$42*(BK100^1)+$BL$43) -> 11.906701
A101: 2 | B101: =B92 -> 0.0015733738 | C101: =C92 -> 0.0046134583 | D101: =D92 -> 0.013527616 | E101: =E92 -> 0.039665776 | F101: =F92 -> 0.11630828 | G101: =G83 -> 0.34104 | H101: =G92 -> 3 | I101: =IF($B$4=7,MDETERM(B101:H107),IF($B$4=6,MDETERM(C101:H106),IF($B$4=5,MDETERM(D101:H105),IF($B$4=4,MDETERM(E101:H104),IF($B$4=3,MDETERM(F101:H103),"ERRO"))))) -> -4.0319547e-13 | J101: 45 | K101: =(($K$107-$K$57)/($J$107-1))+K100 -> 0.8127728 | L101: =IF(K101="","",$L$37*(K101^6)+$L$38*(K101^5)+$L$39*(K101^4)+$L$40*(K101^3)+$L$41*(K101^2)+$L$42*(K101^1)+$L$43) -> 8.353452 | N101: 2 | O101: =O92 -> 729 | P101: =P92 -> 243 | Q101: =Q92 -> 81 | R101: =R92 -> 27 | S101: =S92 -> 9 | T101: =T83 -> 3 | U101: =T92 -> 566.77141 | V101: =IF($B$4=7,MDETERM(O101:U107),IF($B$4=6,MDETERM(P101:U106),IF($B$4=5,MDETERM(Q101:U105),IF($B$4=4,MDETERM(R101:U104),IF($B$4=3,MDETERM(S101:U103),"ERRO"))))) -> -5.0212185e+10 | W101: 45 | X101: =(($X$107-$X$57)/($W$107-1))+X100 -> 8.28 | Y101: =IF(X101="","",$Y$37*(X101^6)+$Y$38*(X101^5)+$Y$39*(X101^4)+$Y$40*(X101^3)+$Y$41*(X101^2)+$Y$42*(X101^1)+$Y$43) -> 243.94567 | AA101: 2 | AB101: =AB92 -> 0.0015733738 | AC101: =AC92 -> 0.0046134583 | AD101: =AD92 -> 0.013527616 | AE101: =AE92 -> 0.039665776 | AF101: =AF92 -> 0.11630828 | AG101: =AG83 -> 0.34104 | AH101: =AG92 -> 66.1811 | AI101: =IF($B$4=7,MDETERM(AB101:AH107),IF($B$4=6,MDETERM(AC101:AH106),IF($B$4=5,MDETERM(AD101:AH105),IF($B$4=4,MDETERM(AE101:AH104),IF($B$4=3,MDETERM(AF101:AH103),"ERRO"))))) -> -1.9895967e-11 | AJ101: 45 | AK101: =(($AK$107-$AK$57)/($AJ$107-1))+AK100 -> 0.8127728 | AL101: =IF(AK101="","",$AL$37*(AK101^6)+$AL$38*(AK101^5)+$AL$39*(AK101^4)+$AL$40*(AK101^3)+$AL$41*(AK101^2)+$AL$42*(AK101^1)+$AL$43) -> 16.197556 | AN101: 2 | AO101: =AO92 -> 8.4024104e+10 | AP101: =AP92 -> 1.2696087e+09 | AQ101: =AQ92 -> 19183857 | AR101: =AR92 -> 289869.11 | AS101: =AS92 -> 4379.938 | AT101: =AT83 -> 66.1811 | AU101: =AT92 -> 0.34104 | AV101: =IF($B$4=7,MDETERM(AO101:AU107),IF($B$4=6,MDETERM(AP101:AU106),IF($B$4=5,MDETERM(AQ101:AU105),IF($B$4=4,MDETERM(AR101:AU104),IF($B$4=3,MDETERM(AS101:AU103),"ERRO"))))) -> 1.4408272e+26 | AW101: 45 | AX101: =(($AX$107-$AX$57)/($AW$107-1))+AX100 -> 60.037496 | AY101: =IF(AX101="","",$AY$37*(AX101^6)+$AY$38*(AX101^5)+$AY$39*(AX101^4)+$AY$40*(AX101^3)+$AY$41*(AX101^2)+$AY$42*(AX101^1)+$AY$43) -> 0.12038196 | AZ101: =AY101-AY100 -> -0.022224315 | BA101: 2 | BB101: =BB92 -> 729 | BC101: =BC92 -> 243 | BD101: =BD92 -> 81 | BE101: =BE92 -> 27 | BF101: =BF92 -> 9 | BG101: =BG83 -> 3 | BH101: =BG92 -> 8.5639466 | BI101: =IF($B$4=7,MDETERM(BB101:BH107),IF($B$4=6,MDETERM(BC101:BH106),IF($B$4=5,MDETERM(BD101:BH105),IF($B$4=4,MDETERM(BE101:BH104),IF($B$4=3,MDETERM(BF101:BH103),"ERRO"))))) -> 2.650959e+10 | BJ101: 45 | BK101: =(($BK$107-$BK$57)/($BJ$107-1))+BK100 -> 8.28 | BL101: =IF(BK101="","",$BL$37*(BK101^6)+$BL$38*(BK101^5)+$BL$39*(BK101^4)+$BL$40*(BK101^3)+$BL$41*(BK101^2)+$BL$42*(BK101^1)+$BL$43) -> 12.344821
A102: 3 | B102: =B93 -> 0.0062119049 | C102: =C93 -> 0.014488408 | D102: =D93 -> 0.033792205 | E102: =E93 -> 0.078815639 | F102: =F93 -> 0.18382656 | G102: =G84 -> 0.42875 | H102: =G93 -> 4 | J102: 46 | K102: =(($K$107-$K$57)/($J$107-1))+K101 -> 0.823494 | L102: =IF(K102="","",$L$37*(K102^6)+$L$38*(K102^5)+$L$39*(K102^4)+$L$40*(K102^3)+$L$41*(K102^2)+$L$42*(K102^1)+$L$43) -> 8.4394749 | N102: 3 | O102: =O93 -> 4096 | P102: =P93 -> 1024 | Q102: =Q93 -> 256 | R102: =R93 -> 64 | S102: =S93 -> 16 | T102: =T84 -> 4 | U102: =T93 -> 453.2125 | W102: 46 | X102: =(($X$107-$X$57)/($W$107-1))+X101 -> 8.4 | Y102: =IF(X102="","",$Y$37*(X102^6)+$Y$38*(X102^5)+$Y$39*(X102^4)+$Y$40*(X102^3)+$Y$41*(X102^2)+$Y$42*(X102^1)+$Y$43) -> 240.71229 | AA102: 3 | AB102: =AB93 -> 0.0062119049 | AC102: =AC93 -> 0.014488408 | AD102: =AD93 -> 0.033792205 | AE102: =AE93 -> 0.078815639 | AF102: =AF93 -> 0.18382656 | AG102: =AG84 -> 0.42875 | AH102: =AG93 -> 49.948 | AJ102: 46 | AK102: =(($AK$107-$AK$57)/($AJ$107-1))+AK101 -> 0.823494 | AL102: =IF(AK102="","",$AL$37*(AK102^6)+$AL$38*(AK102^5)+$AL$39*(AK102^4)+$AL$40*(AK102^3)+$AL$41*(AK102^2)+$AL$42*(AK102^1)+$AL$43) -> 14.608434 | AN102: 3 | AO102: =AO93 -> 1.5527753e+10 | AP102: =AP93 -> 3.1087838e+08 | AQ102: =AQ93 -> 6224040.5 | AR102: =AR93 -> 124610.41 | AS102: =AS93 -> 2494.8027 | AT102: =AT84 -> 49.948 | AU102: =AT93 -> 0.42875 | AW102: 46 | AX102: =(($AX$107-$AX$57)/($AW$107-1))+AX101 -> 61.06143 | AY102: =IF(AX102="","",$AY$37*(AX102^6)+$AY$38*(AX102^5)+$AY$39*(AX102^4)+$AY$40*(AX102^3)+$AY$41*(AX102^2)+$AY$42*(AX102^1)+$AY$43) -> 0.10812829 | AZ102: =AY102-AY101 -> -0.012253667 | BA102: 3 | BB102: =BB93 -> 4096 | BC102: =BC93 -> 1024 | BD102: =BD93 -> 256 | BE102: =BE93 -> 64 | BF102: =BF93 -> 16 | BG102: =BG84 -> 4 | BH102: =BG93 -> 9.0736866 | BJ102: 46 | BK102: =(($BK$107-$BK$57)/($BJ$107-1))+BK101 -> 8.4 | BL102: =IF(BK102="","",$BL$37*(BK102^6)+$BL$38*(BK102^5)+$BL$39*(BK102^4)+$BL$40*(BK102^3)+$BL$41*(BK102^2)+$BL$42*(BK102^1)+$BL$43) -> 12.835422
A103: 4 | B103: =B94 -> 0.016720708 | C103: =C94 -> 0.033065789 | D103: =D94 -> 0.065388761 | E103: =E94 -> 0.12930858 | F103: =F94 -> 0.25571226 | G103: =G85 -> 0.50568 | H103: =G94 -> 5 | J103: 47 | K103: =(($K$107-$K$57)/($J$107-1))+K102 -> 0.8342152 | L103: =IF(K103="","",$L$37*(K103^6)+$L$38*(K103^5)+$L$39*(K103^4)+$L$40*(K103^3)+$L$41*(K103^2)+$L$42*(K103^1)+$L$43) -> 8.5277601 | N103: 4 | O103: =O94 -> 15625 | P103: =P94 -> 3125 | Q103: =Q94 -> 625 | R103: =R94 -> 125 | S103: =S94 -> 25 | T103: =T85 -> 5 | U103: =T94 -> 378.18911 | W103: 47 | X103: =(($X$107-$X$57)/($W$107-1))+X102 -> 8.52 | Y103: =IF(X103="","",$Y$37*(X103^6)+$Y$38*(X103^5)+$Y$39*(X103^4)+$Y$40*(X103^3)+$Y$41*(X103^2)+$Y$42*(X103^1)+$Y$43) -> 237.56608 | AA103: 4 | AB103: =AB94 -> 0.016720708 | AC103: =AC94 -> 0.033065789 | AD103: =AD94 -> 0.065388761 | AE103: =AE94 -> 0.12930858 | AF103: =AF94 -> 0.25571226 | AG103: =AG85 -> 0.50568 | AH103: =AG94 -> 44.9532 | AJ103: 47 | AK103: =(($AK$107-$AK$57)/($AJ$107-1))+AK102 -> 0.8342152 | AL103: =IF(AK103="","",$AL$37*(AK103^6)+$AL$38*(AK103^5)+$AL$39*(AK103^4)+$AL$40*(AK103^3)+$AL$41*(AK103^2)+$AL$42*(AK103^1)+$AL$43) -> 13.248175 | AN103: 4 | AO103: =AO94 -> 8.2520847e+09 | AP103: =AP94 -> 1.8357057e+08 | AQ103: =AQ94 -> 4083593 | AR103: =AR94 -> 90840.986 | AS103: =AS94 -> 2020.7902 | AT103: =AT85 -> 44.9532 | AU103: =AT94 -> 0.50568 | AW103: 47 | AX103: =(($AX$107-$AX$57)/($AW$107-1))+AX102 -> 62.085364 | AY103: =IF(AX103="","",$AY$37*(AX103^6)+$AY$38*(AX103^5)+$AY$39*(AX103^4)+$AY$40*(AX103^3)+$AY$41*(AX103^2)+$AY$42*(AX103^1)+$AY$43) -> 0.10938205 | AZ103: =AY103-AY102 -> 0.001253761 | BA103: 4 | BB103: =BB94 -> 15625 | BC103: =BC94 -> 3125 | BD103: =BD94 -> 625 | BE103: =BE94 -> 125 | BF103: =BF94 -> 25 | BG103: =BG85 -> 5 | BH103: =BG94 -> 8.412952 | BJ103: 47 | BK103: =(($BK$107-$BK$57)/($BJ$107-1))+BK102 -> 8.52 | BL103: =IF(BK103="","",$BL$37*(BK103^6)+$BL$38*(BK103^5)+$BL$39*(BK103^4)+$BL$40*(BK103^3)+$BL$41*(BK103^2)+$BL$42*(BK103^1)+$BL$43) -> 13.359358
A104: 5 | B104: =B95 -> 0.046772762 | C104: =C95 -> 0.077922135 | D104: =D95 -> 0.12981614 | E104: =E95 -> 0.21627011 | F104: =F95 -> 0.36030006 | G104: =G86 -> 0.60025 | H104: =G95 -> 6 | J104: 48 | K104: =(($K$107-$K$57)/($J$107-1))+K103 -> 0.8449364 | L104: =IF(K104="","",$L$37*(K104^6)+$L$38*(K104^5)+$L$39*(K104^4)+$L$40*(K104^3)+$L$41*(K104^2)+$L$42*(K104^1)+$L$43) -> 8.6223069 | N104: 5 | O104: =O95 -> 46656 | P104: =P95 -> 7776 | Q104: =Q95 -> 1296 | R104: =R95 -> 216 | S104: =S95 -> 36 | T104: =T86 -> 6 | U104: =T95 -> 323.72321 | W104: 48 | X104: =(($X$107-$X$57)/($W$107-1))+X103 -> 8.64 | Y104: =IF(X104="","",$Y$37*(X104^6)+$Y$38*(X104^5)+$Y$39*(X104^4)+$Y$40*(X104^3)+$Y$41*(X104^2)+$Y$42*(X104^1)+$Y$43) -> 234.52047 | AA104: 5 | AB104: =AB95 -> 0.046772762 | AC104: =AC95 -> 0.077922135 | AD104: =AD95 -> 0.12981614 | AE104: =AE95 -> 0.21627011 | AF104: =AF95 -> 0.36030006 | AG104: =AG86 -> 0.60025 | AH104: =AG95 -> 30.855377 | AJ104: 48 | AK104: =(($AK$107-$AK$57)/($AJ$107-1))+AK103 -> 0.8449364 | AL104: =IF(AK104="","",$AL$37*(AK104^6)+$AL$38*(AK104^5)+$AL$39*(AK104^4)+$AL$40*(AK104^3)+$AL$41*(AK104^2)+$AL$42*(AK104^1)+$AL$43) -> 12.320724 | AN104: 5 | AO104: =AO95 -> 8.6294903e+08 | AP104: =AP95 -> 27967541 | AQ104: =AQ95 -> 906407.37 | AR104: =AR95 -> 29375.994 | AS104: =AS95 -> 952.05429 | AT104: =AT86 -> 30.855377 | AU104: =AT95 -> 0.60025 | AW104: 48 | AX104: =(($AX$107-$AX$57)/($AW$107-1))+AX103 -> 63.109298 | AY104: =IF(AX104="","",$AY$37*(AX104^6)+$AY$38*(AX104^5)+$AY$39*(AX104^4)+$AY$40*(AX104^3)+$AY$41*(AX104^2)+$AY$42*(AX104^1)+$AY$43) -> 0.12824646 | AZ104: =AY104-AY103 -> 0.018864405 | BA104: 5 | BB104: =BB95 -> 46656 | BC104: =BC95 -> 7776 | BD104: =BD95 -> 1296 | BE104: =BE95 -> 216 | BF104: =BF95 -> 36 | BG104: =BG86 -> 6 | BH104: =BG95 -> 10.49163 | BJ104: 48 | BK104: =(($BK$107-$BK$57)/($BJ$107-1))+BK103 -> 8.64 | BL104: =IF(BK104="","",$BL$37*(BK104^6)+$BL$38*(BK104^5)+$BL$39*(BK104^4)+$BL$40*(BK104^3)+$BL$41*(BK104^2)+$BL$42*(BK104^1)+$BL$43) -> 13.889339
A105: 6 | B105: =B96 -> 0.10244458 | C105: =C96 -> 0.14976402 | D105: =D96 -> 0.21894044 | E105: =E96 -> 0.32006965 | F105: =F96 -> 0.46791072 | G105: =G87 -> 0.68404 | H105: =G96 -> 7 | J105: 49 | K105: =(($K$107-$K$57)/($J$107-1))+K104 -> 0.8556576 | L105: =IF(K105="","",$L$37*(K105^6)+$L$38*(K105^5)+$L$39*(K105^4)+$L$40*(K105^3)+$L$41*(K105^2)+$L$42*(K105^1)+$L$43) -> 8.7281631 | N105: 6 | O105: =O96 -> 117649 | P105: =P96 -> 16807 | Q105: =Q96 -> 2401 | R105: =R96 -> 343 | S105: =S96 -> 49 | T105: =T87 -> 7 | U105: =T96 -> 283.32174 | W105: 49 | X105: =(($X$107-$X$57)/($W$107-1))+X104 -> 8.76 | Y105: =IF(X105="","",$Y$37*(X105^6)+$Y$38*(X105^5)+$Y$39*(X105^4)+$Y$40*(X105^3)+$Y$41*(X105^2)+$Y$42*(X105^1)+$Y$43) -> 231.59373 | AA105: 6 | AB105: =AB96 -> 0.10244458 | AC105: =AC96 -> 0.14976402 | AD105: =AD96 -> 0.21894044 | AE105: =AE96 -> 0.32006965 | AF105: =AF96 -> 0.46791072 | AG105: =AG87 -> 0.68404 | AH105: =AG96 -> 26.2227 | AJ105: 49 | AK105: =(($AK$107-$AK$57)/($AJ$107-1))+AK104 -> 0.8556576 | AL105: =IF(AK105="","",$AL$37*(AK105^6)+$AL$38*(AK105^5)+$AL$39*(AK105^4)+$AL$40*(AK105^3)+$AL$41*(AK105^2)+$AL$42*(AK105^1)+$AL$43) -> 12.081553 | AN105: 6 | AO105: =AO96 -> 3.2513554e+08 | AP105: =AP96 -> 12399011 | AQ105: =AQ96 -> 472835.01 | AR105: =AR96 -> 18031.515 | AS105: =AS96 -> 687.63 | AT105: =AT87 -> 26.2227 | AU105: =AT96 -> 0.68404 | AW105: 49 | AX105: =(($AX$107-$AX$57)/($AW$107-1))+AX104 -> 64.133232 | AY105: =IF(AX105="","",$AY$37*(AX105^6)+$AY$38*(AX105^5)+$AY$39*(AX105^4)+$AY$40*(AX105^3)+$AY$41*(AX105^2)+$AY$42*(AX105^1)+$AY$43) -> 0.16943858 | AZ105: =AY105-AY104 -> 0.041192124 | BA105: 6 | BB105: =BB96 -> 117649 | BC105: =BC96 -> 16807 | BD105: =BD96 -> 2401 | BE105: =BE96 -> 343 | BF105: =BF96 -> 49 | BG105: =BG87 -> 7 | BH105: =BG96 -> 10.804446 | BJ105: 49 | BK105: =(($BK$107-$BK$57)/($BJ$107-1))+BK104 -> 8.76 | BL105: =IF(BK105="","",$BL$37*(BK105^6)+$BL$38*(BK105^5)+$BL$39*(BK105^4)+$BL$40*(BK105^3)+$BL$41*(BK105^2)+$BL$42*(BK105^1)+$BL$43) -> 14.388765
A106: 7 | B106: =B97 -> 0.2112807 | C106: =C97 -> 0.27376832 | D106: =D97 -> 0.35473705 | E106: =E97 -> 0.4596528 | F106: =F97 -> 0.59559806 | G106: =G88 -> 0.77175 | H106: =G97 -> 8 | J106: 50 | K106: =(($K$107-$K$57)/($J$107-1))+K105 -> 0.8663788 | L106: =IF(K106="","",$L$37*(K106^6)+$L$38*(K106^5)+$L$39*(K106^4)+$L$40*(K106^3)+$L$41*(K106^2)+$L$42*(K106^1)+$L$43) -> 8.8515514 | N106: 7 | O106: =O97 -> 262144 | P106: =P97 -> 32768 | Q106: =Q97 -> 4096 | R106: =R97 -> 512 | S106: =S97 -> 64 | T106: =T88 -> 8 | U106: =T97 -> 251.78472 | W106: 50 | X106: =(($X$107-$X$57)/($W$107-1))+X105 -> 8.88 | Y106: =IF(X106="","",$Y$37*(X106^6)+$Y$38*(X106^5)+$Y$39*(X106^4)+$Y$40*(X106^3)+$Y$41*(X106^2)+$Y$42*(X106^1)+$Y$43) -> 228.80961 | AA106: 7 | AB106: =AB97 -> 0.2112807 | AC106: =AC97 -> 0.27376832 | AD106: =AD97 -> 0.35473705 | AE106: =AE97 -> 0.4596528 | AF106: =AF97 -> 0.59559806 | AG106: =AG88 -> 0.77175 | AH106: =AG97 -> 22.039555 | AJ106: 50 | AK106: =(($AK$107-$AK$57)/($AJ$107-1))+AK105 -> 0.8663788 | AL106: =IF(AK106="","",$AL$37*(AK106^6)+$AL$38*(AK106^5)+$AL$39*(AK106^4)+$AL$40*(AK106^3)+$AL$41*(AK106^2)+$AL$42*(AK106^1)+$AL$43) -> 12.84375 | AN106: 7 | AO106: =AO97 -> 1.1460853e+08 | AP106: =AP97 -> 5200128.9 | AQ106: =AQ97 -> 235945.28 | AR106: =AR97 -> 10705.537 | AS106: =AS97 -> 485.74198 | AT106: =AT88 -> 22.039555 | AU106: =AT97 -> 0.77175 | AW106: 50 | AX106: =(($AX$107-$AX$57)/($AW$107-1))+AX105 -> 65.157166 | AY106: =IF(AX106="","",$AY$37*(AX106^6)+$AY$38*(AX106^5)+$AY$39*(AX106^4)+$AY$40*(AX106^3)+$AY$41*(AX106^2)+$AY$42*(AX106^1)+$AY$43) -> 0.23833848 | AZ106: =AY106-AY105 -> 0.068899897 | BA106: 7 | BB106: =BB97 -> 262144 | BC106: =BC97 -> 32768 | BD106: =BD97 -> 4096 | BE106: =BE97 -> 512 | BF106: =BF97 -> 64 | BG106: =BG88 -> 8 | BH106: =BG97 -> 11.42422 | BJ106: 50 | BK106: =(($BK$107-$BK$57)/($BJ$107-1))+BK105 -> 8.88 | BL106: =IF(BK106="","",$BL$37*(BK106^6)+$BL$38*(BK106^5)+$BL$39*(BK106^4)+$BL$40*(BK106^3)+$BL$41*(BK106^2)+$BL$42*(BK106^1)+$BL$43) -> 14.810495
A107: 8 | B107: =B98 -> 0.45529687 | C107: =C98 -> 0.51909346 | D107: =D98 -> 0.59182928 | E107: =E98 -> 0.6747569 | F107: =F98 -> 0.76930441 | G107: =G89 -> 0.8771 | H107: =G98 -> 9 | J107: 51 | K107: =LARGE(K48:K54,1) -> 0.8771 | L107: =IF(K107="","",$L$37*(K107^6)+$L$38*(K107^5)+$L$39*(K107^4)+$L$40*(K107^3)+$L$41*(K107^2)+$L$42*(K107^1)+$L$43) -> 9 | N107: 8 | O107: =O98 -> 531441 | P107: =P98 -> 59049 | Q107: =Q98 -> 6561 | R107: =R98 -> 729 | S107: =S98 -> 81 | T107: =T89 -> 9 | U107: =T98 -> 226.19792 | W107: 51 | X107: =LARGE(X48:X54,1) -> 9 | Y107: =IF(X107="","",$Y$37*(X107^6)+$Y$38*(X107^5)+$Y$39*(X107^4)+$Y$40*(X107^3)+$Y$41*(X107^2)+$Y$42*(X107^1)+$Y$43) -> 226.19792 | AA107: 8 | AB107: =AB98 -> 0.45529687 | AC107: =AC98 -> 0.51909346 | AD107: =AD98 -> 0.59182928 | AE107: =AE98 -> 0.6747569 | AF107: =AF98 -> 0.76930441 | AG107: =AG89 -> 0.8771 | AH107: =AG98 -> 14.9844 | AJ107: 51 | AK107: =LARGE(AK48:AK54,1) -> 0.8771 | AL107: =IF(AK107="","",$AL$37*(AK107^6)+$AL$38*(AK107^5)+$AL$39*(AK107^4)+$AL$40*(AK107^3)+$AL$41*(AK107^2)+$AL$42*(AK107^1)+$AL$43) -> 14.9844 | AN107: 8 | AO107: =AO98 -> 11319732 | AP107: =AP98 -> 755434.45 | AQ107: =AQ98 -> 50414.728 | AR107: =AR98 -> 3364.4809 | AS107: =AS98 -> 224.53224 | AT107: =AT89 -> 14.9844 | AU107: =AT98 -> 0.8771 | AW107: 51 | AX107: =LARGE(AX48:AX54,1) -> 66.1811 | AY107: =IF(AX107="","",$AY$37*(AX107^6)+$AY$38*(AX107^5)+$AY$39*(AX107^4)+$AY$40*(AX107^3)+$AY$41*(AX107^2)+$AY$42*(AX107^1)+$AY$43) -> 0.34104 | AZ107: =AY107-AY106 -> 0.10270152 | BA107: 8 | BB107: =BB98 -> 531441 | BC107: =BC98 -> 59049 | BD107: =BD98 -> 6561 | BE107: =BE98 -> 729 | BF107: =BF98 -> 81 | BG107: =BG89 -> 9 | BH107: =BG98 -> 15.09556 | BJ107: 51 | BK107: =LARGE(BK48:BK54,1) -> 9 | BL107: =IF(BK107="","",$BL$37*(BK107^6)+$BL$38*(BK107^5)+$BL$39*(BK107^4)+$BL$40*(BK107^3)+$BL$41*(BK107^2)+$BL$42*(BK107^1)+$BL$43) -> 15.095561

Sheet Ficha de Dosagem - A
M2: =IF('Cadastro de Insumos'!O34=FALSE,"","p1") -> p1 | N2: =IF(M2="","",'Cadastro de Insumos'!E34&" - "&'Cadastro de Insumos'!E35&" - "&'Cadastro de Insumos'!E36) -> Brita 1 - Serra de São Vicente - Cuiabá-MT | P2: =IF(M2="","","Quantidade (kg)") -> Quantidade (kg) | Q2: =IF(M2="","",'Escopo de Estudo'!D30*'Cadastro de Insumos'!P34) -> 12 | T2: =IF('Cadastro de Insumos'!O42=FALSE,"","p3") | U2: =IF(T2="","",'Cadastro de Insumos'!E42&" - "&'Cadastro de Insumos'!E43&" - "&'Cadastro de Insumos'!E44) | X2: =IF(U2="","","Quantidade (kg)") | Y2: =IF(T2="","",'Escopo de Estudo'!D30*'Cadastro de Insumos'!P42)
M3: =IF('Cadastro de Insumos'!O38=FALSE,"","p2") -> p2 | N3: =IF(M3="","",'Cadastro de Insumos'!E38&" - "&'Cadastro de Insumos'!E39&" - "&'Cadastro de Insumos'!E40) -> Brita 0 - Serra de São Vicente - Cuiabá-MT | P3: =IF(M3="","","Quantidade (kg)") -> Quantidade (kg) | Q3: =IF(M3="","",'Escopo de Estudo'!D30*'Cadastro de Insumos'!P38) -> 8 | T3: =IF('Cadastro de Insumos'!O46=FALSE,"","p4") | U3: =IF(T3="","",'Cadastro de Insumos'!E46&" - "&'Cadastro de Insumos'!E47&" - "&'Cadastro de Insumos'!E48) | X3: =IF(U3="","","Quantidade (kg)") | Y3: =IF(T3="","",'Escopo de Estudo'!D30*'Cadastro de Insumos'!P46)
B5: m | M5: =M10 -> CP | N5: =IF(M5="","",'Cadastro de Insumos'!E6&" - "&'Cadastro de Insumos'!E7&" - "&'Cadastro de Insumos'!E8) -> CP II F 40 - Votorantim - Cuiabá-MT | P5: =P10 -> a1 | Q5: =IF(P5="","",'Cadastro de Insumos'!E20&" - "&'Cadastro de Insumos'!E21&" - "&'Cadastro de Insumos'!E22) -> Areia Natural do Rio Cuiabá - - - Cuiabá - MT | S5: =S10 | T5: =IF(S5="","",'Cadastro de Insumos'!E52&" - "&'Cadastro de Insumos'!E53&" - "&'Cadastro de Insumos'!E54*100&"% - "&'Cadastro de Insumos'!L54) | W5: =W10
B6: ='Escopo de Estudo'!D8 -> 3 | M6: =N10 | N6: =IF(M6="","",'Cadastro de Insumos'!E10&" - "&'Cadastro de Insumos'!E11&" - "&'Cadastro de Insumos'!E12) | P6: =Q10 | Q6: =IF(P6="","",'Cadastro de Insumos'!E24&" - "&'Cadastro de Insumos'!E25&" - "&'Cadastro de Insumos'!E26) | S6: =T10 | T6: =IF(S6="","",'Cadastro de Insumos'!E56&" - "&'Cadastro de Insumos'!E57&" - "&'Cadastro de Insumos'!E58*100&"% - "&'Cadastro de Insumos'!L58) | W6: =X10
M7: =O10 | N7: =IF(M7="","",'Cadastro de Insumos'!E14&" - "&'Cadastro de Insumos'!E15&" - "&'Cadastro de Insumos'!E16) | P7: =R10 | Q7: =IF(P7="","",'Cadastro de Insumos'!E28&" - "&'Cadastro de Insumos'!E29&" - "&'Cadastro de Insumos'!E30) | S7: =U10 | T7: =IF(S7="","",'Cadastro de Insumos'!E60&" - "&'Cadastro de Insumos'!E61&" - "&'Cadastro de Insumos'!E62*100&"% - "&'Cadastro de Insumos'!L62) | W7: =Y10
S8: =V10 | T8: =IF(S8="","",'Cadastro de Insumos'!E64&" - "&'Cadastro de Insumos'!E65&" - "&'Cadastro de Insumos'!E66*100&"% - "&'Cadastro de Insumos'!L66) | W8: =Z10
B9: α (%) | C9: Traço | M9: Cimentos - kg | P9: Agregados Miúdos - kg | S9: Aditivos | W9: Adições
C10: CP | D10: MCS01 | E10: MCS02 | F10: a1 | G10: a2 | H10: a3 | I10: p1 | J10: p2 | K10: p3 | L10: p4 | M10: CP | N10: =IF('Cadastro de Insumos'!O10=FALSE,"","MCS1") | O10: =IF('Cadastro de Insumos'!O14=FALSE,"","MCS2") | P10: =IF('Cadastro de Insumos'!O20=FALSE,"","a1") -> a1 | Q10: =IF('Cadastro de Insumos'!O24=FALSE,"","a2") | R10: =IF('Cadastro de Insumos'!O28=FALSE,"","a3") | S10: =IF('Cadastro de Insumos'!O52=FALSE,"","Adt1"&IF('Cadastro de Insumos'!P52=FALSE," - ml"," - g")) | T10: =IF('Cadastro de Insumos'!O56=FALSE,"","Adt2"&IF('Cadastro de Insumos'!P56=FALSE," - ml"," - g")) | U10: =IF('Cadastro de Insumos'!O60=FALSE,"","Adt3"&IF('Cadastro de Insumos'!P60=FALSE," - ml"," - g")) | V10: =IF('Cadastro de Insumos'!O64=FALSE,"","Adt4"&IF('Cadastro de Insumos'!P64=FALSE," - ml"," - g")) | W10: =IF('Cadastro de Insumos'!O70=FALSE,"","Adc1"&IF('Cadastro de Insumos'!P70=FALSE," - ml"," - g")) | X10: =IF('Cadastro de Insumos'!O74=FALSE,"","Adc2"&IF('Cadastro de Insumos'!P74=FALSE," - ml"," - g")) | Y10: =IF('Cadastro de Insumos'!O78=FALSE,"","Adc4"&IF('Cadastro de Insumos'!P78=FALSE," - ml"," - g")) | Z10: =IF('Cadastro de Insumos'!O82=FALSE,"","Adc4"&IF('Cadastro de Insumos'!P82=FALSE," - ml"," - g"))
B11: ='Escopo de Estudo'!J30 -> 0.51 | C11: =1*'Cadastro de Insumos'!$P$6 -> 1 | D11: =1*'Cadastro de Insumos'!$P$10 -> 0 | E11: =1*'Cadastro de Insumos'!$P$14 -> 0 | F11: =(B11*(1+$B$6)-1)*'Cadastro de Insumos'!$P$20 -> 0.728 | G11: =(B11*(1+$B$6)-1)*'Cadastro de Insumos'!$P$24 -> 0 | H11: =(B11*(1+$B$6)-1)*'Cadastro de Insumos'!$P$28 -> 0 | I11: =($B$6-(SUM(F11:H11)))*'Cadastro de Insumos'!$P$34 -> 1.3632 | J11: =($B$6-(SUM(F11:H11)))*'Cadastro de Insumos'!$P$38 -> 0.9088 | K11: =($B$6-(SUM(F11:H11)))*'Cadastro de Insumos'!$P$42 -> 0 | L11: =($B$6-(SUM(F11:H11)))*'Cadastro de Insumos'!$P$46 -> 0 | M11: =IF(C11=0,"",('Escopo de Estudo'!$D$30/SUM('Ficha de Dosagem - A'!I11:L11))*C11) -> 8.8028169 | N11: =IF(N10="","",('Escopo de Estudo'!$D$30/SUM('Ficha de Dosagem - A'!I11:L11))*D11) | O11: =IF(O10="","",('Escopo de Estudo'!$D$30/SUM('Ficha de Dosagem - A'!I11:L11))*E11) | P11: =IF(F11=0,"",SUM(M11:O11)*F11) -> 6.4084507 | Q11: =IF($Q$10="","",SUM(M11:O11)*G11) | R11: =IF($R$10="","",SUM(M11:O11)*H11) | S11: =IF('Cadastro de Insumos'!$O$52=FALSE,"",IF('Cadastro de Insumos'!$P$52=FALSE,(('Cadastro de Insumos'!$E$54*M11)/'Cadastro de Insumos'!$L$54)*1000,(('Cadastro de Insumos'!$E$54*M11)*1000))) | T11: =IF('Cadastro de Insumos'!$O$56=FALSE,"",IF('Cadastro de Insumos'!$P$56=FALSE,(('Cadastro de Insumos'!$E$58*M11)/'Cadastro de Insumos'!$L$58)*1000,(('Cadastro de Insumos'!$E$58*M11)*1000))) | U11: =IF('Cadastro de Insumos'!$O$60=FALSE,"",IF('Cadastro de Insumos'!$P$60=FALSE,(('Cadastro de Insumos'!$E$62*M11)/'Cadastro de Insumos'!$L$62)*1000,(('Cadastro de Insumos'!$E$62*M11)*1000))) | V11: =IF('Cadastro de Insumos'!$O$64=FALSE,"",IF('Cadastro de Insumos'!$P$64=FALSE,(('Cadastro de Insumos'!$E$66*M11)/'Cadastro de Insumos'!$L$66)*1000,(('Cadastro de Insumos'!$E$66*M11)*1000))) | W11: =IF('Cadastro de Insumos'!$O$70=FALSE,"",IF('Cadastro de Insumos'!$P$70=FALSE,(('Cadastro de Insumos'!$E$72*M11)/'Cadastro de Insumos'!$L$72)*1000,(('Cadastro de Insumos'!$E$72*M11)*1000))) | X11: =IF('Cadastro de Insumos'!$O$74=FALSE,"",IF('Cadastro de Insumos'!$P$74=FALSE,(('Cadastro de Insumos'!$E$76*M11)/'Cadastro de Insumos'!$L$76)*1000,(('Cadastro de Insumos'!$E$76*M11)*1000))) | Y11: =IF('Cadastro de Insumos'!$O$78=FALSE,"",IF('Cadastro de Insumos'!$P$78=FALSE,(('Cadastro de Insumos'!$E$80*M11)/'Cadastro de Insumos'!$L$80)*1000,(('Cadastro de Insumos'!$E$80*M11)*1000))) | Z11: =IF('Cadastro de Insumos'!$O$82=FALSE,"",IF('Cadastro de Insumos'!$P$82=FALSE,(('Cadastro de Insumos'!$E$84*M11)/'Cadastro de Insumos'!$L$84)*1000,(('Cadastro de Insumos'!$E$84*M11)*1000)))
B12: =B11+0.01 -> 0.52 | M12: =IF(M13="","","+"&ROUND(M13-M11,3)) -> +0,11 | N12: =IF(N13="","","+"&ROUND(N13-N11,3)) | O12: =IF(O13="","","+"&ROUND(O13-O11,3)) | P12: =IF(P13="","","+"&ROUND(P13-P11,3)) -> +0,33 | Q12: =IF(Q13="","","+"&ROUND(Q13-Q11,3)) | R12: =IF(R13="","","+"&ROUND(R13-R11,3)) | S12: =IF(S13="","","+"&ROUND(S13-S11,3)) | T12: =IF(T13="","","+"&ROUND(T13-T11,3)) | ... Z12: =IF(Z13="","","+"&ROUND(Z13-Z11,3))
C13: =1*'Cadastro de Insumos'!$P$6 -> 1 | D13: =1*'Cadastro de Insumos'!$P$10 -> 0 | E13: =1*'Cadastro de Insumos'!$P$14 -> 0 | F13: =(B12*(1+$B$6)-1)*'Cadastro de Insumos'!$P$20 -> 0.756 | G13: =(B12*(1+$B$6)-1)*'Cadastro de Insumos'!$P$24 -> 0 | H13: =(B12*(1+$B$6)-1)*'Cadastro de Insumos'!$P$28 -> 0 | I13: =($B$6-(SUM(F13:H13)))*'Cadastro de Insumos'!$P$34 -> 1.3464 | J13: =($B$6-(SUM(F13:H13)))*'Cadastro de Insumos'!$P$38 -> 0.8976 | K13: =($B$6-(SUM(F13:H13)))*'Cadastro de Insumos'!$P$42 -> 0 | L13: =($B$6-(SUM(F13:H13)))*'Cadastro de Insumos'!$P$46 -> 0 | M13: =IF(C13=0,"",('Escopo de Estudo'!$D$30/SUM('Ficha de Dosagem - A'!I13:L13))*C13) -> 8.912656 | N13: =IF(N10="","",('Escopo de Estudo'!$D$30/SUM('Ficha de Dosagem - A'!I13:L13))*D13) | O13: =IF(O10="","",('Escopo de Estudo'!$D$30/SUM('Ficha de Dosagem - A'!I13:L13))*E13) | P13: =IF(F13=0,"",SUM(M13:O13)*F13) -> 6.7379679 | Q13: =IF($Q$10="","",SUM(M13:O13)*G13) | R13: =IF($R$10="","",SUM(M13:O13)*H13) | S13: =IF('Cadastro de Insumos'!$O$52=FALSE,"",IF('Cadastro de Insumos'!$P$52=FALSE,(('Cadastro de Insumos'!$E$54*M13)/'Cadastro de Insumos'!$L$54)*1000,(('Cadastro de Insumos'!$E$54*M13)*1000))) | T13: =IF('Cadastro de Insumos'!$O$56=FALSE,"",IF('Cadastro de Insumos'!$P$56=FALSE,(('Cadastro de Insumos'!$E$58*M13)/'Cadastro de Insumos'!$L$58)*1000,(('Cadastro de Insumos'!$E$58*M13)*1000))) | U13: =IF('Cadastro de Insumos'!$O$60=FALSE,"",IF('Cadastro de Insumos'!$P$60=FALSE,(('Cadastro de Insumos'!$E$62*M13)/'Cadastro de Insumos'!$L$62)*1000,(('Cadastro de Insumos'!$E$62*M13)*1000))) | V13: =IF('Cadastro de Insumos'!$O$64=FALSE,"",IF('Cadastro de Insumos'!$P$64=FALSE,(('Cadastro de Insumos'!$E$66*M13)/'Cadastro de Insumos'!$L$66)*1000,(('Cadastro de Insumos'!$E$66*M13)*1000))) | W13: =IF('Cadastro de Insumos'!$O$70=FALSE,"",IF('Cadastro de Insumos'!$P$70=FALSE,(('Cadastro de Insumos'!$E$72*M13)/'Cadastro de Insumos'!$L$72)*1000,(('Cadastro de Insumos'!$E$72*M13)*1000))) | X13: =IF('Cadastro de Insumos'!$O$74=FALSE,"",IF('Cadastro de Insumos'!$P$74=FALSE,(('Cadastro de Insumos'!$E$76*M13)/'Cadastro de Insumos'!$L$76)*1000,(('Cadastro de Insumos'!$E$76*M13)*1000))) | Y13: =IF('Cadastro de Insumos'!$O$78=FALSE,"",IF('Cadastro de Insumos'!$P$78=FALSE,(('Cadastro de Insumos'!$E$80*M13)/'Cadastro de Insumos'!$L$80)*1000,(('Cadastro de Insumos'!$E$80*M13)*1000))) | Z13: =IF('Cadastro de Insumos'!$O$82=FALSE,"",IF('Cadastro de Insumos'!$P$82=FALSE,(('Cadastro de Insumos'!$E$84*M13)/'Cadastro de Insumos'!$L$84)*1000,(('Cadastro de Insumos'!$E$84*M13)*1000)))
B14: =B12+0.01 -> 0.53 | M14: =IF(M15="","","+"&ROUND(M15-M13,3)) -> +0,113 | N14: =IF(N15="","","+"&ROUND(N15-N13,3)) | O14: =IF(O15="","","+"&ROUND(O15-O13,3)) | P14: =IF(P15="","","+"&ROUND(P15-P13,3)) -> +0,338 | Q14: =IF(Q15="","","+"&ROUND(Q15-Q13,3)) | R14: =IF(R15="","","+"&ROUND(R15-R13,3)) | S14: =IF(S15="","","+"&ROUND(S15-S13,3)) | T14: =IF(T15="","","+"&ROUND(T15-T13,3)) | ... Z14: =IF(Z15="","","+"&ROUND(Z15-Z13,3))
C15: =1*'Cadastro de Insumos'!$P$6 -> 1 | D15: =1*'Cadastro de Insumos'!$P$10 -> 0 | E15: =1*'Cadastro de Insumos'!$P$14 -> 0 | F15: =(B14*(1+$B$6)-1)*'Cadastro de Insumos'!$P$20 -> 0.784 | G15: =(B14*(1+$B$6)-1)*'Cadastro de Insumos'!$P$24 -> 0 | H15: =(B14*(1+$B$6)-1)*'Cadastro de Insumos'!$P$28 -> 0 | I15: =($B$6-(SUM(F15:H15)))*'Cadastro de Insumos'!$P$34 -> 1.3296 | J15: =($B$6-(SUM(F15:H15)))*'Cadastro de Insumos'!$P$38 -> 0.8864 | K15: =($B$6-(SUM(F15:H15)))*'Cadastro de Insumos'!$P$42 -> 0 | L15: =($B$6-(SUM(F15:H15)))*'Cadastro de Insumos'!$P$46 -> 0 | M15: =IF(C15=0,"",('Escopo de Estudo'!$D$30/SUM('Ficha de Dosagem - A'!I15:L15))*C15) -> 9.0252708 | N15: =IF(N11="","",('Escopo de Estudo'!$D$30/SUM('Ficha de Dosagem - A'!I15:L15))*D15) | O15: =IF(O10="","",('Escopo de Estudo'!$D$30/SUM('Ficha de Dosagem - A'!I15:L15))*E15) | P15: =IF(F15=0,"",SUM(M15:O15)*F15) -> 7.0758123 | Q15: =IF($Q$10="","",SUM(M15:O15)*G15) | R15: =IF($R$10="","",SUM(M15:O15)*H15) | S15: =IF('Cadastro de Insumos'!$O$52=FALSE,"",IF('Cadastro de Insumos'!$P$52=FALSE,(('Cadastro de Insumos'!$E$54*M15)/'Cadastro de Insumos'!$L$54)*1000,(('Cadastro de Insumos'!$E$54*M15)*1000))) | T15: =IF('Cadastro de Insumos'!$O$56=FALSE,"",IF('Cadastro de Insumos'!$P$56=FALSE,(('Cadastro de Insumos'!$E$58*M15)/'Cadastro de Insumos'!$L$58)*1000,(('Cadastro de Insumos'!$E$58*M15)*1000))) | U15: =IF('Cadastro de Insumos'!$O$60=FALSE,"",IF('Cadastro de Insumos'!$P$60=FALSE,(('Cadastro de Insumos'!$E$62*M15)/'Cadastro de Insumos'!$L$62)*1000,(('Cadastro de Insumos'!$E$62*M15)*1000))) | V15: =IF('Cadastro de Insumos'!$O$64=FALSE,"",IF('Cadastro de Insumos'!$P$64=FALSE,(('Cadastro de Insumos'!$E$66*M15)/'Cadastro de Insumos'!$L$66)*1000,(('Cadastro de Insumos'!$E$66*M15)*1000))) | W15: =IF('Cadastro de Insumos'!$O$70=FALSE,"",IF('Cadastro de Insumos'!$P$70=FALSE,(('Cadastro de Insumos'!$E$72*M15)/'Cadastro de Insumos'!$L$72)*1000,(('Cadastro de Insumos'!$E$72*M15)*1000))) | X15: =IF('Cadastro de Insumos'!$O$74=FALSE,"",IF('Cadastro de Insumos'!$P$74=FALSE,(('Cadastro de Insumos'!$E$76*M15)/'Cadastro de Insumos'!$L$76)*1000,(('Cadastro de Insumos'!$E$76*M15)*1000))) | Y15: =IF('Cadastro de Insumos'!$O$78=FALSE,"",IF('Cadastro de Insumos'!$P$78=FALSE,(('Cadastro de Insumos'!$E$80*M15)/'Cadastro de Insumos'!$L$80)*1000,(('Cadastro de Insumos'!$E$80*M15)*1000))) | Z15: =IF('Cadastro de Insumos'!$O$82=FALSE,"",IF('Cadastro de Insumos'!$P$82=FALSE,(('Cadastro de Insumos'!$E$84*M15)/'Cadastro de Insumos'!$L$84)*1000,(('Cadastro de Insumos'!$E$84*M15)*1000)))
B16: =B14+0.01 -> 0.54 | M16: =IF(M17="","","+"&ROUND(M17-M15,3)) -> +0,115 | N16: =IF(N17="","","+"&ROUND(N17-N15,3)) | O16: =IF(O17="","","+"&ROUND(O17-O15,3)) | P16: =IF(P17="","","+"&ROUND(P17-P15,3)) -> +0,346 | Q16: =IF(Q17="","","+"&ROUND(Q17-Q15,3)) | R16: =IF(R17="","","+"&ROUND(R17-R15,3)) | S16: =IF(S17="","","+"&ROUND(S17-S15,3)) | T16: =IF(T17="","","+"&ROUND(T17-T15,3)) | ... Z16: =IF(Z17="","","+"&ROUND(Z17-Z15,3))
C17: =1*'Cadastro de Insumos'!$P$6 -> 1 | D17: =1*'Cadastro de Insumos'!$P$10 -> 0 | E17: =1*'Cadastro de Insumos'!$P$14 -> 0 | F17: =(B16*(1+$B$6)-1)*'Cadastro de Insumos'!$P$20 -> 0.812 | G17: =(B16*(1+$B$6)-1)*'Cadastro de Insumos'!$P$24 -> 0 | H17: =(B16*(1+$B$6)-1)*'Cadastro de Insumos'!$P$28 -> 0 | I17: =($B$6-(SUM(F17:H17)))*'Cadastro de Insumos'!$P$34 -> 1.3128 | J17: =($B$6-(SUM(F17:H17)))*'Cadastro de Insumos'!$P$38 -> 0.8752 | K17: =($B$6-(SUM(F17:H17)))*'Cadastro de Insumos'!$P$42 -> 0 | L17: =($B$6-(SUM(F17:H17)))*'Cadastro de Insumos'!$P$46 -> 0 | M17: =IF(C17=0,"",('Escopo de Estudo'!$D$30/SUM('Ficha de Dosagem - A'!I17:L17))*C17) -> 9.1407678 | N17: =IF(N10="","",('Escopo de Estudo'!$D$30/SUM('Ficha de Dosagem - A'!I17:L17))*D17) | O17: =IF(O10="","",('Escopo de Estudo'!$D$30/SUM('Ficha de Dosagem - A'!I17:L17))*E17) | P17: =IF(F17=0,"",SUM(M17:O17)*F17) -> 7.4223035 | Q17: =IF($Q$10="","",SUM(M17:O17)*G17) | R17: =IF($R$10="","",SUM(M17:O17)*H17) | S17: =IF('Cadastro de Insumos'!$O$52=FALSE,"",IF('Cadastro de Insumos'!$P$52=FALSE,(('Cadastro de Insumos'!$E$54*M17)/'Cadastro de Insumos'!$L$54)*1000,(('Cadastro de Insumos'!$E$54*M17)*1000))) | T17: =IF('Cadastro de Insumos'!$O$56=FALSE,"",IF('Cadastro de Insumos'!$P$56=FALSE,(('Cadastro de Insumos'!$E$58*M17)/'Cadastro de Insumos'!$L$58)*1000,(('Cadastro de Insumos'!$E$58*M17)*1000))) | U17: =IF('Cadastro de Insumos'!$O$60=FALSE,"",IF('Cadastro de Insumos'!$P$60=FALSE,(('Cadastro de Insumos'!$E$62*M17)/'Cadastro de Insumos'!$L$62)*1000,(('Cadastro de Insumos'!$E$62*M17)*1000))) | V17: =IF('Cadastro de Insumos'!$O$64=FALSE,"",IF('Cadastro de Insumos'!$P$64=FALSE,(('Cadastro de Insumos'!$E$66*M17)/'Cadastro de Insumos'!$L$66)*1000,(('Cadastro de Insumos'!$E$66*M17)*1000))) | W17: =IF('Cadastro de Insumos'!$O$70=FALSE,"",IF('Cadastro de Insumos'!$P$70=FALSE,(('Cadastro de Insumos'!$E$72*M17)/'Cadastro de Insumos'!$L$72)*1000,(('Cadastro de Insumos'!$E$72*M17)*1000))) | X17: =IF('Cadastro de Insumos'!$O$74=FALSE,"",IF('Cadastro de Insumos'!$P$74=FALSE,(('Cadastro de Insumos'!$E$76*M17)/'Cadastro de Insumos'!$L$76)*1000,(('Cadastro de Insumos'!$E$76*M17)*1000))) | Y17: =IF('Cadastro de Insumos'!$O$78=FALSE,"",IF('Cadastro de Insumos'!$P$78=FALSE,(('Cadastro de Insumos'!$E$80*M17)/'Cadastro de Insumos'!$L$80)*1000,(('Cadastro de Insumos'!$E$80*M17)*1000))) | Z17: =IF('Cadastro de Insumos'!$O$82=FALSE,"",IF('Cadastro de Insumos'!$P$82=FALSE,(('Cadastro de Insumos'!$E$84*M17)/'Cadastro de Insumos'!$L$84)*1000,(('Cadastro de Insumos'!$E$84*M17)*1000)))
B18: =B16+0.01 -> 0.55 | M18: =IF(M19="","","+"&ROUND(M19-M17,3)) -> +0,118 | N18: =IF(N19="","","+"&ROUND(N19-N17,3)) | O18: =IF(O19="","","+"&ROUND(O19-O17,3)) | P18: =IF(P19="","","+"&ROUND(P19-P17,3)) -> +0,355 | Q18: =IF(Q19="","","+"&ROUND(Q19-Q17,3)) | R18: =IF(R19="","","+"&ROUND(R19-R17,3)) | S18: =IF(S19="","","+"&ROUND(S19-S17,3)) | T18: =IF(T19="","","+"&ROUND(T19-T17,3)) | ... Z18: =IF(Z19="","","+"&ROUND(Z19-Z17,3))
C19: =1*'Cadastro de Insumos'!$P$6 -> 1 | D19: =1*'Cadastro de Insumos'!$P$10 -> 0 | E19: =1*'Cadastro de Insumos'!$P$14 -> 0 | F19: =(B18*(1+$B$6)-1)*'Cadastro de Insumos'!$P$20 -> 0.84 | G19: =(B18*(1+$B$6)-1)*'Cadastro de Insumos'!$P$24 -> 0 | H19: =(B18*(1+$B$6)-1)*'Cadastro de Insumos'!$P$28 -> 0 | I19: =($B$6-(SUM(F19:H19)))*'Cadastro de Insumos'!$P$34 -> 1.296 | J19: =($B$6-(SUM(F19:H19)))*'Cadastro de Insumos'!$P$38 -> 0.864 | K19: =($B$6-(SUM(F19:H19)))*'Cadastro de Insumos'!$P$42 -> 0 | L19: =($B$6-(SUM(F19:H19)))*'Cadastro de Insumos'!$P$46 -> 0 | M19: =IF(C19=0,"",('Escopo de Estudo'!$D$30/SUM('Ficha de Dosagem - A'!I19:L19))*C19) -> 9.2592593 | N19: =IF(N10="","",('Escopo de Estudo'!$D$30/SUM('Ficha de Dosagem - A'!I19:L19))*D19) | O19: =IF(O10="","",('Escopo de Estudo'!$D$30/SUM('Ficha de Dosagem - A'!I19:L19))*E19) | P19: =IF(F19=0,"",SUM(M19:O19)*F19) -> 7.7777778 | Q19: =IF($Q$10="","",SUM(M19:O19)*G19) | R19: =IF($R$10="","",SUM(M19:O19)*H19) | S19: =IF('Cadastro de Insumos'!$O$52=FALSE,"",IF('Cadastro de Insumos'!$P$52=FALSE,(('Cadastro de Insumos'!$E$54*M19)/'Cadastro de Insumos'!$L$54)*1000,(('Cadastro de Insumos'!$E$54*M19)*1000))) | T19: =IF('Cadastro de Insumos'!$O$56=FALSE,"",IF('Cadastro de Insumos'!$P$56=FALSE,(('Cadastro de Insumos'!$E$58*M19)/'Cadastro de Insumos'!$L$58)*1000,(('Cadastro de Insumos'!$E$58*M19)*1000))) | U19: =IF('Cadastro de Insumos'!$O$60=FALSE,"",IF('Cadastro de Insumos'!$P$60=FALSE,(('Cadastro de Insumos'!$E$62*M19)/'Cadastro de Insumos'!$L$62)*1000,(('Cadastro de Insumos'!$E$62*M19)*1000))) | V19: =IF('Cadastro de Insumos'!$O$64=FALSE,"",IF('Cadastro de Insumos'!$P$64=FALSE,(('Cadastro de Insumos'!$E$66*M19)/'Cadastro de Insumos'!$L$66)*1000,(('Cadastro de Insumos'!$E$66*M19)*1000))) | W19: =IF('Cadastro de Insumos'!$O$70=FALSE,"",IF('Cadastro de Insumos'!$P$70=FALSE,(('Cadastro de Insumos'!$E$72*M19)/'Cadastro de Insumos'!$L$72)*1000,(('Cadastro de Insumos'!$E$72*M19)*1000))) | X19: =IF('Cadastro de Insumos'!$O$74=FALSE,"",IF('Cadastro de Insumos'!$P$74=FALSE,(('Cadastro de Insumos'!$E$76*M19)/'Cadastro de Insumos'!$L$76)*1000,(('Cadastro de Insumos'!$E$76*M19)*1000))) | Y19: =IF('Cadastro de Insumos'!$O$78=FALSE,"",IF('Cadastro de Insumos'!$P$78=FALSE,(('Cadastro de Insumos'!$E$80*M19)/'Cadastro de Insumos'!$L$80)*1000,(('Cadastro de Insumos'!$E$80*M19)*1000))) | Z19: =IF('Cadastro de Insumos'!$O$82=FALSE,"",IF('Cadastro de Insumos'!$P$82=FALSE,(('Cadastro de Insumos'!$E$84*M19)/'Cadastro de Insumos'!$L$84)*1000,(('Cadastro de Insumos'!$E$84*M19)*1000)))
B20: =B18+0.01 -> 0.56 | M20: =IF(M21="","","+"&ROUND(M21-M19,3)) -> +0,122 | N20: =IF(N21="","","+"&ROUND(N21-N19,3)) | O20: =IF(O21="","","+"&ROUND(O21-O19,3)) | P20: =IF(P21="","","+"&ROUND(P21-P19,3)) -> +0,365 | Q20: =IF(Q21="","","+"&ROUND(Q21-Q19,3)) | R20: =IF(R21="","","+"&ROUND(R21-R19,3)) | S20: =IF(S21="","","+"&ROUND(S21-S19,3)) | T20: =IF(T21="","","+"&ROUND(T21-T19,3)) | ... Z20: =IF(Z21="","","+"&ROUND(Z21-Z19,3))
C21: =1*'Cadastro de Insumos'!$P$6 -> 1 | D21: =1*'Cadastro de Insumos'!$P$10 -> 0 | E21: =1*'Cadastro de Insumos'!$P$14 -> 0 | F21: =(B20*(1+$B$6)-1)*'Cadastro de Insumos'!$P$20 -> 0.868 | G21: =(B20*(1+$B$6)-1)*'Cadastro de Insumos'!$P$24 -> 0 | H21: =(B20*(1+$B$6)-1)*'Cadastro de Insumos'!$P$28 -> 0 | I21: =($B$6-(SUM(F21:H21)))*'Cadastro de Insumos'!$P$34 -> 1.2792 | J21: =($B$6-(SUM(F21:H21)))*'Cadastro de Insumos'!$P$38 -> 0.8528 | K21: =($B$6-(SUM(F21:H21)))*'Cadastro de Insumos'!$P$42 -> 0 | L21: =($B$6-(SUM(F21:H21)))*'Cadastro de Insumos'!$P$46 -> 0 | M21: =IF(C21=0,"",('Escopo de Estudo'!$D$30/SUM('Ficha de Dosagem - A'!I21:L21))*C21) -> 9.380863 | N21: =IF(N10="","",('Escopo de Estudo'!$D$30/SUM('Ficha de Dosagem - A'!I21:L21))*D21) | O21: =IF(O10="","",('Escopo de Estudo'!$D$30/SUM('Ficha de Dosagem - A'!I21:L21))*E21) | P21: =IF(F21=0,"",SUM(M21:O21)*F21) -> 8.1425891 | Q21: =IF($Q$10="","",SUM(M21:O21)*G21) | R21: =IF($R$10="","",SUM(M21:O21)*H21) | S21: =IF('Cadastro de Insumos'!$O$52=FALSE,"",IF('Cadastro de Insumos'!$P$52=FALSE,(('Cadastro de Insumos'!$E$54*M21)/'Cadastro de Insumos'!$L$54)*1000,(('Cadastro de Insumos'!$E$54*M21)*1000))) | T21: =IF('Cadastro de Insumos'!$O$56=FALSE,"",IF('Cadastro de Insumos'!$P$56=FALSE,(('Cadastro de Insumos'!$E$58*M21)/'Cadastro de Insumos'!$L$58)*1000,(('Cadastro de Insumos'!$E$58*M21)*1000))) | U21: =IF('Cadastro de Insumos'!$O$60=FALSE,"",IF('Cadastro de Insumos'!$P$60=FALSE,(('Cadastro de Insumos'!$E$62*M21)/'Cadastro de Insumos'!$L$62)*1000,(('Cadastro de Insumos'!$E$62*M21)*1000))) | V21: =IF('Cadastro de Insumos'!$O$64=FALSE,"",IF('Cadastro de Insumos'!$P$64=FALSE,(('Cadastro de Insumos'!$E$66*M21)/'Cadastro de Insumos'!$L$66)*1000,(('Cadastro de Insumos'!$E$66*M21)*1000))) | W21: =IF('Cadastro de Insumos'!$O$70=FALSE,"",IF('Cadastro de Insumos'!$P$70=FALSE,(('Cadastro de Insumos'!$E$72*M21)/'Cadastro de Insumos'!$L$72)*1000,(('Cadastro de Insumos'!$E$72*M21)*1000))) | X21: =IF('Cadastro de Insumos'!$O$74=FALSE,"",IF('Cadastro de Insumos'!$P$74=FALSE,(('Cadastro de Insumos'!$E$76*M21)/'Cadastro de Insumos'!$L$76)*1000,(('Cadastro de Insumos'!$E$76*M21)*1000))) | Y21: =IF('Cadastro de Insumos'!$O$78=FALSE,"",IF('Cadastro de Insumos'!$P$78=FALSE,(('Cadastro de Insumos'!$E$80*M21)/'Cadastro de Insumos'!$L$80)*1000,(('Cadastro de Insumos'!$E$80*M21)*1000))) | Z21: =IF('Cadastro de Insumos'!$O$82=FALSE,"",IF('Cadastro de Insumos'!$P$82=FALSE,(('Cadastro de Insumos'!$E$84*M21)/'Cadastro de Insumos'!$L$84)*1000,(('Cadastro de Insumos'!$E$84*M21)*1000)))
B22: =B20+0.01 -> 0.57 | M22: =IF(M23="","","+"&ROUND(M23-M21,3)) -> +0,125 | N22: =IF(N23="","","+"&ROUND(N23-N21,3)) | O22: =IF(O23="","","+"&ROUND(O23-O21,3)) | P22: =IF(P23="","","+"&ROUND(P23-P21,3)) -> +0,375 | Q22: =IF(Q23="","","+"&ROUND(Q23-Q21,3)) | R22: =IF(R23="","","+"&ROUND(R23-R21,3)) | S22: =IF(S23="","","+"&ROUND(S23-S21,3)) | T22: =IF(T23="","","+"&ROUND(T23-T21,3)) | ... Z22: =IF(Z23="","","+"&ROUND(Z23-Z21,3))
C23: =1*'Cadastro de Insumos'!$P$6 -> 1 | D23: =1*'Cadastro de Insumos'!$P$10 -> 0 | E23: =1*'Cadastro de Insumos'!$P$14 -> 0 | F23: =(B22*(1+$B$6)-1)*'Cadastro de Insumos'!$P$20 -> 0.896 | G23: =(B22*(1+$B$6)-1)*'Cadastro de Insumos'!$P$24 -> 0 | H23: =(B22*(1+$B$6)-1)*'Cadastro de Insumos'!$P$28 -> 0 | I23: =($B$6-(SUM(F23:H23)))*'Cadastro de Insumos'!$P$34 -> 1.2624 | J23: =($B$6-(SUM(F23:H23)))*'Cadastro de Insumos'!$P$38 -> 0.8416 | K23: =($B$6-(SUM(F23:H23)))*'Cadastro de Insumos'!$P$42 -> 0 | L23: =($B$6-(SUM(F23:H23)))*'Cadastro de Insumos'!$P$46 -> 0 | M23: =IF(C23=0,"",('Escopo de Estudo'!$D$30/SUM('Ficha de Dosagem - A'!I23:L23))*C23) -> 9.5057034 | N23: =IF(N10="","",('Escopo de Estudo'!$D$30/SUM('Ficha de Dosagem - A'!I23:L23))*D23) | O23: =IF(O10="","",('Escopo de Estudo'!$D$30/SUM('Ficha de Dosagem - A'!I23:L23))*E23) | P23: =IF(F23=0,"",SUM(M23:O23)*F23) -> 8.5171103 | Q23: =IF($Q$10="","",SUM(M23:O23)*G23) | R23: =IF($R$10="","",SUM(M23:O23)*H23) | S23: =IF('Cadastro de Insumos'!$O$52=FALSE,"",IF('Cadastro de Insumos'!$P$52=FALSE,(('Cadastro de Insumos'!$E$54*M23)/'Cadastro de Insumos'!$L$54)*1000,(('Cadastro de Insumos'!$E$54*M23)*1000))) | T23: =IF('Cadastro de Insumos'!$O$56=FALSE,"",IF('Cadastro de Insumos'!$P$56=FALSE,(('Cadastro de Insumos'!$E$58*M23)/'Cadastro de Insumos'!$L$58)*1000,(('Cadastro de Insumos'!$E$58*M23)*1000))) | U23: =IF('Cadastro de Insumos'!$O$60=FALSE,"",IF('Cadastro de Insumos'!$P$60=FALSE,(('Cadastro de Insumos'!$E$62*M23)/'Cadastro de Insumos'!$L$62)*1000,(('Cadastro de Insumos'!$E$62*M23)*1000))) | V23: =IF('Cadastro de Insumos'!$O$64=FALSE,"",IF('Cadastro de Insumos'!$P$64=FALSE,(('Cadastro de Insumos'!$E$66*M23)/'Cadastro de Insumos'!$L$66)*1000,(('Cadastro de Insumos'!$E$66*M23)*1000))) | W23: =IF('Cadastro de Insumos'!$O$70=FALSE,"",IF('Cadastro de Insumos'!$P$70=FALSE,(('Cadastro de Insumos'!$E$72*M23)/'Cadastro de Insumos'!$L$72)*1000,(('Cadastro de Insumos'!$E$72*M23)*1000))) | X23: =IF('Cadastro de Insumos'!$O$74=FALSE,"",IF('Cadastro de Insumos'!$P$74=FALSE,(('Cadastro de Insumos'!$E$76*M23)/'Cadastro de Insumos'!$L$76)*1000,(('Cadastro de Insumos'!$E$76*M23)*1000))) | Y23: =IF('Cadastro de Insumos'!$O$78=FALSE,"",IF('Cadastro de Insumos'!$P$78=FALSE,(('Cadastro de Insumos'!$E$80*M23)/'Cadastro de Insumos'!$L$80)*1000,(('Cadastro de Insumos'!$E$80*M23)*1000))) | Z23: =IF('Cadastro de Insumos'!$O$82=FALSE,"",IF('Cadastro de Insumos'!$P$82=FALSE,(('Cadastro de Insumos'!$E$84*M23)/'Cadastro de Insumos'!$L$84)*1000,(('Cadastro de Insumos'!$E$84*M23)*1000)))
B24: =B22+0.01 -> 0.58 | M24: =IF(M25="","","+"&ROUND(M25-M23,3)) -> +0,128 | N24: =IF(N25="","","+"&ROUND(N25-N23,3)) | O24: =IF(O25="","","+"&ROUND(O25-O23,3)) | P24: =IF(P25="","","+"&ROUND(P25-P23,3)) -> +0,385 | Q24: =IF(Q25="","","+"&ROUND(Q25-Q23,3)) | R24: =IF(R25="","","+"&ROUND(R25-R23,3)) | S24: =IF(S25="","","+"&ROUND(S25-S23,3)) | T24: =IF(T25="","","+"&ROUND(T25-T23,3)) | ... Z24: =IF(Z25="","","+"&ROUND(Z25-Z23,3))
C25: =1*'Cadastro de Insumos'!$P$6 -> 1 | D25: =1*'Cadastro de Insumos'!$P$10 -> 0 | E25: =1*'Cadastro de Insumos'!$P$14 -> 0 | F25: =(B24*(1+$B$6)-1)*'Cadastro de Insumos'!$P$20 -> 0.924 | G25: =(B24*(1+$B$6)-1)*'Cadastro de Insumos'!$P$24 -> 0 | H25: =(B24*(1+$B$6)-1)*'Cadastro de Insumos'!$P$28 -> 0 | I25: =($B$6-(SUM(F25:H25)))*'Cadastro de Insumos'!$P$34 -> 1.2456 | J25: =($B$6-(SUM(F25:H25)))*'Cadastro de Insumos'!$P$38 -> 0.8304 | K25: =($B$6-(SUM(F25:H25)))*'Cadastro de Insumos'!$P$42 -> 0 | L25: =($B$6-(SUM(F25:H25)))*'Cadastro de Insumos'!$P$46 -> 0 | M25: =IF(C25=0,"",('Escopo de Estudo'!$D$30/SUM('Ficha de Dosagem - A'!I25:L25))*C25) -> 9.6339114 | N25: =IF(N10="","",('Escopo de Estudo'!$D$30/SUM('Ficha de Dosagem - A'!I25:L25))*D25) | O25: =IF(O10="","",('Escopo de Estudo'!$D$30/SUM('Ficha de Dosagem - A'!I25:L25))*E25) | P25: =IF(F25=0,"",SUM(M25:O25)*F25) -> 8.9017341 | Q25: =IF($Q$10="","",SUM(M25:O25)*G25) | R25: =IF($R$10="","",SUM(M25:O25)*H25) | S25: =IF('Cadastro de Insumos'!$O$52=FALSE,"",IF('Cadastro de Insumos'!$P$52=FALSE,(('Cadastro de Insumos'!$E$54*M25)/'Cadastro de Insumos'!$L$54)*1000,(('Cadastro de Insumos'!$E$54*M25)*1000))) | T25: =IF('Cadastro de Insumos'!$O$56=FALSE,"",IF('Cadastro de Insumos'!$P$56=FALSE,(('Cadastro de Insumos'!$E$58*M25)/'Cadastro de Insumos'!$L$58)*1000,(('Cadastro de Insumos'!$E$58*M25)*1000))) | U25: =IF('Cadastro de Insumos'!$O$60=FALSE,"",IF('Cadastro de Insumos'!$P$60=FALSE,(('Cadastro de Insumos'!$E$62*M25)/'Cadastro de Insumos'!$L$62)*1000,(('Cadastro de Insumos'!$E$62*M25)*1000))) | V25: =IF('Cadastro de Insumos'!$O$64=FALSE,"",IF('Cadastro de Insumos'!$P$64=FALSE,(('Cadastro de Insumos'!$E$66*M25)/'Cadastro de Insumos'!$L$66)*1000,(('Cadastro de Insumos'!$E$66*M25)*1000))) | W25: =IF('Cadastro de Insumos'!$O$70=FALSE,"",IF('Cadastro de Insumos'!$P$70=FALSE,(('Cadastro de Insumos'!$E$72*M25)/'Cadastro de Insumos'!$L$72)*1000,(('Cadastro de Insumos'!$E$72*M25)*1000))) | X25: =IF('Cadastro de Insumos'!$O$74=FALSE,"",IF('Cadastro de Insumos'!$P$74=FALSE,(('Cadastro de Insumos'!$E$76*M25)/'Cadastro de Insumos'!$L$76)*1000,(('Cadastro de Insumos'!$E$76*M25)*1000))) | Y25: =IF('Cadastro de Insumos'!$O$78=FALSE,"",IF('Cadastro de Insumos'!$P$78=FALSE,(('Cadastro de Insumos'!$E$80*M25)/'Cadastro de Insumos'!$L$80)*1000,(('Cadastro de Insumos'!$E$80*M25)*1000))) | Z25: =IF('Cadastro de Insumos'!$O$82=FALSE,"",IF('Cadastro de Insumos'!$P$82=FALSE,(('Cadastro de Insumos'!$E$84*M25)/'Cadastro de Insumos'!$L$84)*1000,(('Cadastro de Insumos'!$E$84*M25)*1000)))
B26: =B24+0.01 -> 0.59 | M26: =IF(M27="","","+"&ROUND(M27-M25,3)) -> +0,132 | N26: =IF(N27="","","+"&ROUND(N27-N25,3)) | O26: =IF(O27="","","+"&ROUND(O27-O25,3)) | P26: =IF(P27="","","+"&ROUND(P27-P25,3)) -> +0,395 | Q26: =IF(Q27="","","+"&ROUND(Q27-Q25,3)) | R26: =IF(R27="","","+"&ROUND(R27-R25,3)) | S26: =IF(S27="","","+"&ROUND(S27-S25,3)) | T26: =IF(T27="","","+"&ROUND(T27-T25,3)) | ... Z26: =IF(Z27="","","+"&ROUND(Z27-Z25,3))
C27: =1*'Cadastro de Insumos'!$P$6 -> 1 | D27: =1*'Cadastro de Insumos'!$P$10 -> 0 | E27: =1*'Cadastro de Insumos'!$P$14 -> 0 | F27: =(B26*(1+$B$6)-1)*'Cadastro de Insumos'!$P$20 -> 0.952 | G27: =(B26*(1+$B$6)-1)*'Cadastro de Insumos'!$P$24 -> 0 | H27: =(B26*(1+$B$6)-1)*'Cadastro de Insumos'!$P$28 -> 0 | I27: =($B$6-(SUM(F27:H27)))*'Cadastro de Insumos'!$P$34 -> 1.2288 | J27: =($B$6-(SUM(F27:H27)))*'Cadastro de Insumos'!$P$38 -> 0.8192 | K27: =($B$6-(SUM(F27:H27)))*'Cadastro de Insumos'!$P$42 -> 0 | L27: =($B$6-(SUM(F27:H27)))*'Cadastro de Insumos'!$P$46 -> 0 | M27: =IF(C27=0,"",('Escopo de Estudo'!$D$30/SUM('Ficha de Dosagem - A'!I27:L27))*C27) -> 9.765625 | N27: =IF(N10="","",('Escopo de Estudo'!$D$30/SUM('Ficha de Dosagem - A'!I27:L27))*D27) | O27: =IF(O10="","",('Escopo de Estudo'!$D$30/SUM('Ficha de Dosagem - A'!I27:L27))*E27) | P27: =IF(F27=0,"",SUM(M27:O27)*F27) -> 9.296875 | Q27: =IF($Q$10="","",SUM(M27:O27)*G27) | R27: =IF($R$10="","",SUM(M27:O27)*H27) | S27: =IF('Cadastro de Insumos'!$O$52=FALSE,"",IF('Cadastro de Insumos'!$P$52=FALSE,(('Cadastro de Insumos'!$E$54*M27)/'Cadastro de Insumos'!$L$54)*1000,(('Cadastro de Insumos'!$E$54*M27)*1000))) | T27: =IF('Cadastro de Insumos'!$O$56=FALSE,"",IF('Cadastro de Insumos'!$P$56=FALSE,(('Cadastro de Insumos'!$E$58*M27)/'Cadastro de Insumos'!$L$58)*1000,(('Cadastro de Insumos'!$E$58*M27)*1000))) | U27: =IF('Cadastro de Insumos'!$O$60=FALSE,"",IF('Cadastro de Insumos'!$P$60=FALSE,(('Cadastro de Insumos'!$E$62*M27)/'Cadastro de Insumos'!$L$62)*1000,(('Cadastro de Insumos'!$E$62*M27)*1000))) | V27: =IF('Cadastro de Insumos'!$O$64=FALSE,"",IF('Cadastro de Insumos'!$P$64=FALSE,(('Cadastro de Insumos'!$E$66*M27)/'Cadastro de Insumos'!$L$66)*1000,(('Cadastro de Insumos'!$E$66*M27)*1000))) | W27: =IF('Cadastro de Insumos'!$O$70=FALSE,"",IF('Cadastro de Insumos'!$P$70=FALSE,(('Cadastro de Insumos'!$E$72*M27)/'Cadastro de Insumos'!$L$72)*1000,(('Cadastro de Insumos'!$E$72*M27)*1000))) | X27: =IF('Cadastro de Insumos'!$O$74=FALSE,"",IF('Cadastro de Insumos'!$P$74=FALSE,(('Cadastro de Insumos'!$E$76*M27)/'Cadastro de Insumos'!$L$76)*1000,(('Cadastro de Insumos'!$E$76*M27)*1000))) | Y27: =IF('Cadastro de Insumos'!$O$78=FALSE,"",IF('Cadastro de Insumos'!$P$78=FALSE,(('Cadastro de Insumos'!$E$80*M27)/'Cadastro de Insumos'!$L$80)*1000,(('Cadastro de Insumos'!$E$80*M27)*1000))) | Z27: =IF('Cadastro de Insumos'!$O$82=FALSE,"",IF('Cadastro de Insumos'!$P$82=FALSE,(('Cadastro de Insumos'!$E$84*M27)/'Cadastro de Insumos'!$L$84)*1000,(('Cadastro de Insumos'!$E$84*M27)*1000)))
B28: =B26+0.01 -> 0.6 | M28: =IF(M29="","","+"&ROUND(M29-M27,3)) -> +0,135 | N28: =IF(N29="","","+"&ROUND(N29-N27,3)) | O28: =IF(O29="","","+"&ROUND(O29-O27,3)) | P28: =IF(P29="","","+"&ROUND(P29-P27,3)) -> +0,406 | Q28: =IF(Q29="","","+"&ROUND(Q29-Q27,3)) | R28: =IF(R29="","","+"&ROUND(R29-R27,3)) | S28: =IF(S29="","","+"&ROUND(S29-S27,3)) | T28: =IF(T29="","","+"&ROUND(T29-T27,3)) | ... Z28: =IF(Z29="","","+"&ROUND(Z29-Z27,3))
C29: =1*'Cadastro de Insumos'!$P$6 -> 1 | D29: =1*'Cadastro de Insumos'!$P$10 -> 0 | E29: =1*'Cadastro de Insumos'!$P$14 -> 0 | F29: =(B28*(1+$B$6)-1)*'Cadastro de Insumos'!$P$20 -> 0.98 | G29: =(B28*(1+$B$6)-1)*'Cadastro de Insumos'!$P$24 -> 0 | H29: =(B28*(1+$B$6)-1)*'Cadastro de Insumos'!$P$28 -> 0 | I29: =($B$6-(SUM(F29:H29)))*'Cadastro de Insumos'!$P$34 -> 1.212 | J29: =($B$6-(SUM(F29:H29)))*'Cadastro de Insumos'!$P$38 -> 0.808 | K29: =($B$6-(SUM(F29:H29)))*'Cadastro de Insumos'!$P$42 -> 0 | L29: =($B$6-(SUM(F29:H29)))*'Cadastro de Insumos'!$P$46 -> 0 | M29: =IF(C29=0,"",('Escopo de Estudo'!$D$30/SUM('Ficha de Dosagem - A'!I29:L29))*C29) -> 9.9009901 | N29: =IF(N10="","",('Escopo de Estudo'!$D$30/SUM('Ficha de Dosagem - A'!I29:L29))*D29) | O29: =IF(O10="","",('Escopo de Estudo'!$D$30/SUM('Ficha de Dosagem - A'!I29:L29))*E29) | P29: =IF(F29=0,"",SUM(M29:O29)*F29) -> 9.7029703 | Q29: =IF($Q$10="","",SUM(M29:O29)*G29) | R29: =IF($R$10="","",SUM(M29:O29)*H29) | S29: =IF('Cadastro de Insumos'!$O$52=FALSE,"",IF('Cadastro de Insumos'!$P$52=FALSE,(('Cadastro de Insumos'!$E$54*M29)/'Cadastro de Insumos'!$L$54)*1000,(('Cadastro de Insumos'!$E$54*M29)*1000))) | T29: =IF('Cadastro de Insumos'!$O$56=FALSE,"",IF('Cadastro de Insumos'!$P$56=FALSE,(('Cadastro de Insumos'!$E$58*M29)/'Cadastro de Insumos'!$L$58)*1000,(('Cadastro de Insumos'!$E$58*M29)*1000))) | U29: =IF('Cadastro de Insumos'!$O$60=FALSE,"",IF('Cadastro de Insumos'!$P$60=FALSE,(('Cadastro de Insumos'!$E$62*M29)/'Cadastro de Insumos'!$L$62)*1000,(('Cadastro de Insumos'!$E$62*M29)*1000))) | V29: =IF('Cadastro de Insumos'!$O$64=FALSE,"",IF('Cadastro de Insumos'!$P$64=FALSE,(('Cadastro de Insumos'!$E$66*M29)/'Cadastro de Insumos'!$L$66)*1000,(('Cadastro de Insumos'!$E$66*M29)*1000))) | W29: =IF('Cadastro de Insumos'!$O$70=FALSE,"",IF('Cadastro de Insumos'!$P$70=FALSE,(('Cadastro de Insumos'!$E$72*M29)/'Cadastro de Insumos'!$L$72)*1000,(('Cadastro de Insumos'!$E$72*M29)*1000))) | X29: =IF('Cadastro de Insumos'!$O$74=FALSE,"",IF('Cadastro de Insumos'!$P$74=FALSE,(('Cadastro de Insumos'!$E$76*M29)/'Cadastro de Insumos'!$L$76)*1000,(('Cadastro de Insumos'!$E$76*M29)*1000))) | Y29: =IF('Cadastro de Insumos'!$O$78=FALSE,"",IF('Cadastro de Insumos'!$P$78=FALSE,(('Cadastro de Insumos'!$E$80*M29)/'Cadastro de Insumos'!$L$80)*1000,(('Cadastro de Insumos'!$E$80*M29)*1000))) | Z29: =IF('Cadastro de Insumos'!$O$82=FALSE,"",IF('Cadastro de Insumos'!$P$82=FALSE,(('Cadastro de Insumos'!$E$84*M29)/'Cadastro de Insumos'!$L$84)*1000,(('Cadastro de Insumos'!$E$84*M29)*1000)))
B30: =B28+0.01 -> 0.61 | M30: =IF(M31="","","+"&ROUND(M31-M29,3)) -> +0,139 | N30: =IF(N31="","","+"&ROUND(N31-N29,3)) | O30: =IF(O31="","","+"&ROUND(O31-O29,3)) | P30: =IF(P31="","","+"&ROUND(P31-P29,3)) -> +0,418 | Q30: =IF(Q31="","","+"&ROUND(Q31-Q29,3)) | R30: =IF(R31="","","+"&ROUND(R31-R29,3)) | S30: =IF(S31="","","+"&ROUND(S31-S29,3)) | T30: =IF(T31="","","+"&ROUND(T31-T29,3)) | ... Z30: =IF(Z31="","","+"&ROUND(Z31-Z29,3))
C31: =1*'Cadastro de Insumos'!$P$6 -> 1 | D31: =1*'Cadastro de Insumos'!$P$10 -> 0 | E31: =1*'Cadastro de Insumos'!$P$14 -> 0 | F31: =(B30*(1+$B$6)-1)*'Cadastro de Insumos'!$P$20 -> 1.008 | G31: =(B30*(1+$B$6)-1)*'Cadastro de Insumos'!$P$24 -> 0 | H31: =(B30*(1+$B$6)-1)*'Cadastro de Insumos'!$P$28 -> 0 | I31: =($B$6-(SUM(F31:H31)))*'Cadastro de Insumos'!$P$34 -> 1.1952 | J31: =($B$6-(SUM(F31:H31)))*'Cadastro de Insumos'!$P$38 -> 0.7968 | K31: =($B$6-(SUM(F31:H31)))*'Cadastro de Insumos'!$P$42 -> 0 | L31: =($B$6-(SUM(F31:H31)))*'Cadastro de Insumos'!$P$46 -> 0 | M31: =IF(C31=0,"",('Escopo de Estudo'!$D$30/SUM('Ficha de Dosagem - A'!I31:L31))*C31) -> 10.040161 | N31: =IF(N10="","",('Escopo de Estudo'!$D$30/SUM('Ficha de Dosagem - A'!I31:L31))*D31) | O31: =IF(O10="","",('Escopo de Estudo'!$D$30/SUM('Ficha de Dosagem - A'!I31:L31))*E31) | P31: =IF(F31=0,"",SUM(M31:O31)*F31) -> 10.120482 | Q31: =IF($Q$10="","",SUM(M31:O31)*G31) | R31: =IF($R$10="","",SUM(M31:O31)*H31) | S31: =IF('Cadastro de Insumos'!$O$52=FALSE,"",IF('Cadastro de Insumos'!$P$52=FALSE,(('Cadastro de Insumos'!$E$54*M31)/'Cadastro de Insumos'!$L$54)*1000,(('Cadastro de Insumos'!$E$54*M31)*1000))) | T31: =IF('Cadastro de Insumos'!$O$56=FALSE,"",IF('Cadastro de Insumos'!$P$56=FALSE,(('Cadastro de Insumos'!$E$58*M31)/'Cadastro de Insumos'!$L$58)*1000,(('Cadastro de Insumos'!$E$58*M31)*1000))) | U31: =IF('Cadastro de Insumos'!$O$60=FALSE,"",IF('Cadastro de Insumos'!$P$60=FALSE,(('Cadastro de Insumos'!$E$62*M31)/'Cadastro de Insumos'!$L$62)*1000,(('Cadastro de Insumos'!$E$62*M31)*1000))) | V31: =IF('Cadastro de Insumos'!$O$64=FALSE,"",IF('Cadastro de Insumos'!$P$64=FALSE,(('Cadastro de Insumos'!$E$66*M31)/'Cadastro de Insumos'!$L$66)*1000,(('Cadastro de Insumos'!$E$66*M31)*1000))) | W31: =IF('Cadastro de Insumos'!$O$70=FALSE,"",IF('Cadastro de Insumos'!$P$70=FALSE,(('Cadastro de Insumos'!$E$72*M31)/'Cadastro de Insumos'!$L$72)*1000,(('Cadastro de Insumos'!$E$72*M31)*1000))) | X31: =IF('Cadastro de Insumos'!$O$74=FALSE,"",IF('Cadastro de Insumos'!$P$74=FALSE,(('Cadastro de Insumos'!$E$76*M31)/'Cadastro de Insumos'!$L$76)*1000,(('Cadastro de Insumos'!$E$76*M31)*1000))) | Y31: =IF('Cadastro de Insumos'!$O$78=FALSE,"",IF('Cadastro de Insumos'!$P$78=FALSE,(('Cadastro de Insumos'!$E$80*M31)/'Cadastro de Insumos'!$L$80)*1000,(('Cadastro de Insumos'!$E$80*M31)*1000))) | Z31: =IF('Cadastro de Insumos'!$O$82=FALSE,"",IF('Cadastro de Insumos'!$P$82=FALSE,(('Cadastro de Insumos'!$E$84*M31)/'Cadastro de Insumos'!$L$84)*1000,(('Cadastro de Insumos'!$E$84*M31)*1000)))

Sheet Ficha de Dosagem - B
M2: =IF('Cadastro de Insumos'!O34=FALSE,"","p1") -> p1 | N2: =IF(M2="","",'Cadastro de Insumos'!E34&" - "&'Cadastro de Insumos'!E35&" - "&'Cadastro de Insumos'!E36) -> Brita 1 - Serra de São Vicente - Cuiabá-MT | P2: =IF(M2="","","Quantidade (kg)") -> Quantidade (kg) | Q2: =IF(M2="","",'Escopo de Estudo'!D30*'Cadastro de Insumos'!P34) -> 12 | T2: =IF('Cadastro de Insumos'!O42=FALSE,"","p3") | U2: =IF(T2="","",'Cadastro de Insumos'!E42&" - "&'Cadastro de Insumos'!E43&" - "&'Cadastro de Insumos'!E44) | X2: =IF(U2="","","Quantidade (kg)") | Y2: =IF(T2="","",'Escopo de Estudo'!D30*'Cadastro de Insumos'!P42)
M3: =IF('Cadastro de Insumos'!O38=FALSE,"","p2") -> p2 | N3: =IF(M3="","",'Cadastro de Insumos'!E38&" - "&'Cadastro de Insumos'!E39&" - "&'Cadastro de Insumos'!E40) -> Brita 0 - Serra de São Vicente - Cuiabá-MT | P3: =IF(M3="","","Quantidade (kg)") -> Quantidade (kg) | Q3: =IF(M3="","",'Escopo de Estudo'!D30*'Cadastro de Insumos'!P38) -> 8 | T3: =IF('Cadastro de Insumos'!O46=FALSE,"","p4") | U3: =IF(T3="","",'Cadastro de Insumos'!E46&" - "&'Cadastro de Insumos'!E47&" - "&'Cadastro de Insumos'!E48) | X3: =IF(U3="","","Quantidade (kg)") | Y3: =IF(T3="","",'Escopo de Estudo'!D30*'Cadastro de Insumos'!P46)
B5: m | M5: =M10 -> CP | N5: =IF(M5="","",'Cadastro de Insumos'!E6&" - "&'Cadastro de Insumos'!E7&" - "&'Cadastro de Insumos'!E8) -> CP II F 40 - Votorantim - Cuiabá-MT | P5: =P10 -> a1 | Q5: =IF(P5="","",'Cadastro de Insumos'!E20&" - "&'Cadastro de Insumos'!E21&" - "&'Cadastro de Insumos'!E22) -> Areia Natural do Rio Cuiabá - - - Cuiabá - MT | S5: =S10 | T5: =IF(S5="","",'Cadastro de Insumos'!E52&" - "&'Cadastro de Insumos'!E53&" - "&'Cadastro de Insumos'!E54*100&"% - "&'Cadastro de Insumos'!L54) | W5: =W10
B6: ='Escopo de Estudo'!H8 -> 4 | M6: =N10 | N6: =IF(M6="","",'Cadastro de Insumos'!E10&" - "&'Cadastro de Insumos'!E11&" - "&'Cadastro de Insumos'!E12) | P6: =Q10 | Q6: =IF(P6="","",'Cadastro de Insumos'!E24&" - "&'Cadastro de Insumos'!E25&" - "&'Cadastro de Insumos'!E26) | S6: =T10 | T6: =IF(S6="","",'Cadastro de Insumos'!E56&" - "&'Cadastro de Insumos'!E57&" - "&'Cadastro de Insumos'!E58*100&"% - "&'Cadastro de Insumos'!L58) | W6: =X10
M7: =O10 | N7: =IF(M7="","",'Cadastro de Insumos'!E14&" - "&'Cadastro de Insumos'!E15&" - "&'Cadastro de Insumos'!E16) | P7: =R10 | Q7: =IF(P7="","",'Cadastro de Insumos'!E28&" - "&'Cadastro de Insumos'!E29&" - "&'Cadastro de Insumos'!E30) | S7: =U10 | T7: =IF(S7="","",'Cadastro de Insumos'!E60&" - "&'Cadastro de Insumos'!E61&" - "&'Cadastro de Insumos'!E62*100&"% - "&'Cadastro de Insumos'!L62) | W7: =Y10
S8: =V10 | T8: =IF(S8="","",'Cadastro de Insumos'!E64&" - "&'Cadastro de Insumos'!E65&" - "&'Cadastro de Insumos'!E66*100&"% - "&'Cadastro de Insumos'!L66) | W8: =Z10
B9: α (%) | C9: Traço | M9: Cimentos - kg | P9: Agregados Miúdos - kg | S9: Aditivos | W9: Adições
C10: CP | D10: MCS01 | E10: MCS02 | F10: a1 | G10: a2 | H10: a3 | I10: p1 | J10: p2 | K10: p3 | L10: p4 | M10: CP | N10: =IF('Cadastro de Insumos'!O10=FALSE,"","MCS1") | O10: =IF('Cadastro de Insumos'!O14=FALSE,"","MCS2") | P10: =IF('Cadastro de Insumos'!O20=FALSE,"","a1") -> a1 | Q10: =IF('Cadastro de Insumos'!O24=FALSE,"","a2") | R10: =IF('Cadastro de Insumos'!O28=FALSE,"","a3") | S10: =IF('Cadastro de Insumos'!O52=FALSE,"","Adt1"&IF('Cadastro de Insumos'!P52=FALSE," - ml"," - g")) | T10: =IF('Cadastro de Insumos'!O56=FALSE,"","Adt2"&IF('Cadastro de Insumos'!P56=FALSE," - ml"," - g")) | U10: =IF('Cadastro de Insumos'!O60=FALSE,"","Adt3"&IF('Cadastro de Insumos'!P60=FALSE," - ml"," - g")) | V10: =IF('Cadastro de Insumos'!O64=FALSE,"","Adt4"&IF('Cadastro de Insumos'!P64=FALSE," - ml"," - g")) | W10: =IF('Cadastro de Insumos'!O70=FALSE,"","Adc1"&IF('Cadastro de Insumos'!P70=FALSE," - ml"," - g")) | X10: =IF('Cadastro de Insumos'!O74=FALSE,"","Adc2"&IF('Cadastro de Insumos'!P74=FALSE," - ml"," - g")) | Y10: =IF('Cadastro de Insumos'!O78=FALSE,"","Adc4"&IF('Cadastro de Insumos'!P78=FALSE," - ml"," - g")) | Z10: =IF('Cadastro de Insumos'!O82=FALSE,"","Adc4"&IF('Cadastro de Insumos'!P82=FALSE," - ml"," - g"))
B11: ='Escopo de Estudo'!J30 -> 0.51 | C11: =1*'Cadastro de Insumos'!$P$6 -> 1 | D11: =1*'Cadastro de Insumos'!$P$10 -> 0 | E11: =1*'Cadastro de Insumos'!$P$14 -> 0 | F11: =(B11*(1+$B$6)-1)*'Cadastro de Insumos'!$P$20 -> 1.085 | G11: =(B11*(1+$B$6)-1)*'Cadastro de Insumos'!$P$24 -> 0 | H11: =(B11*(1+$B$6)-1)*'Cadastro de Insumos'!$P$28 -> 0 | I11: =($B$6-(SUM(F11:H11)))*'Cadastro de Insumos'!$P$34 -> 1.749 | J11: =($B$6-(SUM(F11:H11)))*'Cadastro de Insumos'!$P$38 -> 1.166 | K11: =($B$6-(SUM(F11:H11)))*'Cadastro de Insumos'!$P$42 -> 0 | L11: =($B$6-(SUM(F11:H11)))*'Cadastro de Insumos'!$P$46 -> 0 | M11: =IF(C11=0,"",('Escopo de Estudo'!$D$30/SUM('Ficha de Dosagem - B'!I11:L11))*C11) -> 6.8610635 | N11: =IF(N10="","",('Escopo de Estudo'!$D$30/SUM('Ficha de Dosagem - B'!I11:L11))*D11) | O11: =IF(O10="","",('Escopo de Estudo'!$D$30/SUM('Ficha de Dosagem - B'!I11:L11))*E11) | P11: =IF(F11=0,"",SUM(M11:O11)*F11) -> 7.4442539 | Q11: =IF($Q$10="","",SUM(M11:O11)*G11) | R11: =IF($R$10="","",SUM(M11:O11)*H11) | S11: =IF('Cadastro de Insumos'!$O$52=FALSE,"",IF('Cadastro de Insumos'!$P$52=FALSE,(('Cadastro de Insumos'!$E$54*M11)/'Cadastro de Insumos'!$L$54)*1000,(('Cadastro de Insumos'!$E$54*M11)*1000))) | T11: =IF('Cadastro de Insumos'!$O$56=FALSE,"",IF('Cadastro de Insumos'!$P$56=FALSE,(('Cadastro de Insumos'!$E$58*M11)/'Cadastro de Insumos'!$L$58)*1000,(('Cadastro de Insumos'!$E$58*M11)*1000))) | U11: =IF('Cadastro de Insumos'!$O$60=FALSE,"",IF('Cadastro de Insumos'!$P$60=FALSE,(('Cadastro de Insumos'!$E$62*M11)/'Cadastro de Insumos'!$L$62)*1000,(('Cadastro de Insumos'!$E$62*M11)*1000))) | V11: =IF('Cadastro de Insumos'!$O$64=FALSE,"",IF('Cadastro de Insumos'!$P$64=FALSE,(('Cadastro de Insumos'!$E$66*M11)/'Cadastro de Insumos'!$L$66)*1000,(('Cadastro de Insumos'!$E$66*M11)*1000))) | W11: =IF('Cadastro de Insumos'!$O$70=FALSE,"",IF('Cadastro de Insumos'!$P$70=FALSE,(('Cadastro de Insumos'!$E$72*M11)/'Cadastro de Insumos'!$L$72)*1000,(('Cadastro de Insumos'!$E$72*M11)*1000))) | X11: =IF('Cadastro de Insumos'!$O$74=FALSE,"",IF('Cadastro de Insumos'!$P$74=FALSE,(('Cadastro de Insumos'!$E$76*M11)/'Cadastro de Insumos'!$L$76)*1000,(('Cadastro de Insumos'!$E$76*M11)*1000))) | Y11: =IF('Cadastro de Insumos'!$O$78=FALSE,"",IF('Cadastro de Insumos'!$P$78=FALSE,(('Cadastro de Insumos'!$E$80*M11)/'Cadastro de Insumos'!$L$80)*1000,(('Cadastro de Insumos'!$E$80*M11)*1000))) | Z11: =IF('Cadastro de Insumos'!$O$82=FALSE,"",IF('Cadastro de Insumos'!$P$82=FALSE,(('Cadastro de Insumos'!$E$84*M11)/'Cadastro de Insumos'!$L$84)*1000,(('Cadastro de Insumos'!$E$84*M11)*1000)))
B12: =B11+0.01 -> 0.52 | M12: =IF(M13="","","+"&ROUND(M13-M11,3)) -> +0,083 | N12: =IF(N13="","","+"&ROUND(N13-N11,3)) | O12: =IF(O13="","","+"&ROUND(O13-O11,3)) | P12: =IF(P13="","","+"&ROUND(P13-P11,3)) -> +0,334 | Q12: =IF(Q13="","","+"&ROUND(Q13-Q11,3)) | R12: =IF(R13="","","+"&ROUND(R13-R11,3)) | S12: =IF(S13="","","+"&ROUND(S13-S11,3)) | T12: =IF(T13="","","+"&ROUND(T13-T11,3)) | ... Z12: =IF(Z13="","","+"&ROUND(Z13-Z11,3))
